Workbook

Sheet 175
A1: Probability | B1: NA | C1: Q1 21 | D1: Q2 21 | E1: Q3 21 | F1: Q4 21 | G1: Q1 22 | H1: Q2 22 | I1: Q3 22 | J1: Q4 22 | K1: Q1 23 | L1: Q2 23 | M1: Q3 23 | N1: Q4 23
A2: Q1 21 | C2: 0.13 | D2: 0.43 | E2: 0.36 | F2: 0.08
A3: Q2 21 | D3: 0.13 | E3: 0.43 | F3: 0.36 | G3: 0.08
A4: Q3 21 | E4: 0.13 | F4: 0.43 | G4: 0.36 | H4: 0.08
A5: Q4 21 | F5: 0.13 | G5: 0.43 | H5: 0.36 | I5: 0.08
A6: Q1 22 | G6: 0.13 | H6: 0.43 | I6: 0.36 | J6: 0.08
A7: Q2 22 | H7: 0.13 | I7: 0.43 | J7: 0.36 | K7: 0.08
A8: Q3 22 | I8: 0.13 | J8: 0.43 | K8: 0.36 | L8: 0.08
A9: Q4 22 | J9: 0.13 | K9: 0.43 | L9: 0.36 | M9: 0.08
A10: Q1 23 | K10: 0.13 | L10: 0.43 | M10: 0.36 | N10: 0.08
A11: Q2 23 | L11: 0.13 | M11: 0.43 | N11: 0.36
A12: Q3 23 | M12: 0.13 | N12: 0.43
A13: Q4 23 | N13: 0.13
B14: Opps | C14: Q1 21 | D14: Q2 21 | E14: Q3 21 | F14: Q4 21 | G14: Q1 22 | H14: Q2 22 | I14: Q3 22 | J14: Q4 22 | K14: Q1 23 | L14: Q2 23 | M14: Q3 23 | N14: Q4 23
A15: Q1 21 | B15: 29 | C15: =$B15*C2 -> 3.77 | D15: =$B15*D2 -> 12.47 | E15: =$B15*E2 -> 10.44 | F15: =$B15*F2 -> 2.32
A16: Q2 21 | B16: =15+11+6 -> 32 | D16: =$B16*D3 -> 4.16 | E16: =$B16*E3 -> 13.76 | F16: =$B16*F3 -> 11.52 | G16: =$B16*G3 -> 2.56
A17: Q3 21 | B17: =30+19+20 -> 69 | E17: =$B17*E4 -> 8.97 | F17: =$B17*F4 -> 29.67 | G17: =$B17*G4 -> 24.84 | H17: =$B17*H4 -> 5.52
A18: Q4 21 | B18: =16+28+16 -> 60 | F18: =$B18*F5 -> 7.8 | G18: =$B18*G5 -> 25.8 | H18: =$B18*H5 -> 21.6 | I18: =$B18*I5 -> 4.8
A19: Q1 22 | B19: =16+23+34 -> 73 | G19: =$B19*G6 -> 9.49 | H19: =$B19*H6 -> 31.39 | I19: =$B19*I6 -> 26.28 | J19: =$B19*J6 -> 5.84
A20: Q2 22 | B20: 76 | H20: =$B20*H7 -> 9.88 | I20: =$B20*I7 -> 32.68 | J20: =$B20*J7 -> 27.36 | K20: =$B20*K7 -> 6.08
A21: Q3 22 | B21: 150 | I21: =$B21*I8 -> 19.5 | J21: =$B21*J8 -> 64.5 | K21: =$B21*K8 -> 54 | L21: =$B21*L8 -> 12
A22: Q4 22 | B22: 150 | J22: =$B22*J9 -> 19.5 | K22: =$B22*K9 -> 64.5 | L22: =$B22*L9 -> 54 | M22: =$B22*M9 -> 12
A23: Q1 23 | B23: 150 | K23: =$B23*K10 -> 19.5 | L23: =$B23*L10 -> 64.5 | M23: =$B23*M10 -> 54 | N23: =$B23*N10 -> 12
A24: Q2 23 | B24: 150 | L24: =$B24*L11 -> 19.5 | M24: =$B24*M11 -> 64.5 | N24: =$B24*N11 -> 54
A25: Q3 23 | B25: 150 | M25: =$B25*M12 -> 19.5 | N25: =$B25*N12 -> 64.5
A26: Q4 23 | B26: 150 | N26: =$B26*N13 -> 19.5
A27: Total Opps | C27: =sum(C15:C26) -> 3.77 | D27: =sum(D15:D26) -> 16.63 | E27: =sum(E15:E26) -> 33.17 | F27: =sum(F15:F26) -> 51.31 | G27: =sum(G15:G26) -> 62.69 | H27: =sum(H15:H26) -> 68.39 | I27: =sum(I15:I26) -> 83.26 | J27: =sum(J15:J26) -> 117.2 | ... N27: =sum(N15:N26) -> 150
A28: Target (175) | C28: 775000 | D28: 775000 | E28: 775000 | F28: 775000 | G28: 582000 | H28: 749000 | I28: 1722115 | J28: 2322449 | K28: 2322449 | L28: 2322449 | M28: 2322449 | N28: 2322449
A29: ARR | C29: - | D29: - | E29: - | F29: - | G29: =3267624+G28 -> 3849624 | H29: =G29+H28 -> 4598624 | I29: =H29+I28 -> 6320739 | J29: =I29+J28 -> 8643188 | K29: =J29+K28 -> 10965637 | L29: =K29+L28 -> 13288086 | M29: =L29+M28 -> 15610535 | N29: =M29+N28 -> 17932984 | O29: =N29/J29 -> 2.0748113
A30: Average ARR | C30: 35000 | D30: 35000 | E30: 35000 | F30: 35000 | G30: 35000 | H30: 35000 | I30: 45000 | J30: 45000 | K30: 45000 | L30: 45000 | M30: 45000 | N30: 45000
A31: Pipeline Cover | C31: 2 | D31: 2 | E31: 2 | F31: 2 | G31: 2 | H31: 2.5 | I31: 3 | J31: 3 | K31: 3 | L31: 3 | M31: 3 | N31: 3
A32: Opps Required | C32: =(C28/C30)*C31 -> 44.285714 | D32: =(D28/D30)*D31 -> 44.285714 | E32: =(E28/E30)*E31 -> 44.285714 | F32: =(F28/F30)*F31 -> 44.285714 | G32: =(G28/G30)*G31 -> 33.257143 | H32: =(H28/H30)*H31 -> 53.5 | I32: =(I28/I30)*I31 -> 114.80767 | J32: =(J28/J30)*J31 -> 154.82993 | ... N32: =(N28/N30)*N31 -> 154.82993
A33: Delta Opps | C33: =C32-C27 -> 40.515714 | D33: =D32-D27 -> 27.655714 | E33: =E32-E27 -> 11.115714 | F33: =F32-F27 -> -7.0242857 | G33: =G32-G27 -> -29.432857 | H33: =H32-H27 -> -14.89 | I33: =I32-I27 -> 31.547667 | J33: =J32-J27 -> 37.629933 | ... N33: =N32-N27 -> 4.8299333
A34: Operating % | C34: =C27/C32 -> 0.085129032 | D34: =D27/D32 -> 0.37551613 | E34: =E27/E32 -> 0.749 | F34: =F27/F32 -> 1.1586129 | G34: =G27/G32 -> 1.8850086 | H34: =H27/H32 -> 1.2783178 | I34: =I27/I32 -> 0.72521289 | J34: =J27/J32 -> 0.75695957 | ... N34: =N27/N32 -> 0.96880491
A35: Fully ramped QCs | C35: 0 | D35: 0 | E35: 0 | F35: 1 | G35: 1 | H35: 1 | I35: 5 | J35: 5 | K35: 7 | L35: 9 | M35: 9 | N35: 9
A36: Opp Capacity | C36: =C35*13 -> 0 | D36: =D35*13 -> 0 | E36: =E35*13 -> 0 | F36: =F35*13 -> 13 | G36: =G35*13 -> 13 | H36: =H35*13 -> 13 | I36: =I35*13 -> 65 | J36: =J35*13 -> 65 | ... N36: =N35*13 -> 117
A37: Delta QCs | C37: =C36-C32 -> -44.285714 | D37: =D36-D32 -> -44.285714 | E37: =E36-E32 -> -44.285714 | F37: =F36-F32 -> -31.285714 | G37: =G36-G32 -> -20.257143 | H37: =H36-H32 -> -40.5 | I37: =I36-I32 -> -49.807667 | J37: =J36-J32 -> -89.829933 | ... N37: =N36-N32 -> -37.829933
A40: 2022 Opps at current run rate | B40: 152
A41: 2022 target opps | B41: =sum(B21:B22) -> 300
A42: Delta | B42: =B41-B40 -> 148

Sheet 128
A1: Probability | B1: NA | E1: Q1 21 | F1: Q2 21 | G1: Q3 21 | H1: Q4 21 | I1: Q1 22 | J1: Q2 22 | K1: Q3 22 | L1: Q4 22 | M1: Q1 23 | N1: Q2 23 | O1: Q3 23 | P1: Q4 23
A2: Q1 21 | E2: 0.13 | F2: 0.43 | G2: 0.36 | H2: 0.08
A3: Q2 21 | F3: 0.13 | G3: 0.43 | H3: 0.36 | I3: 0.08
A4: Q3 21 | G4: 0.13 | H4: 0.43 | I4: 0.36 | J4: 0.08
A5: Q4 21 | H5: 0.13 | I5: 0.43 | J5: 0.36 | K5: 0.08
A6: Q1 22 | I6: 0.13 | J6: 0.43 | K6: 0.36 | L6: 0.08
A7: Q2 22 | J7: 0.13 | K7: 0.43 | L7: 0.36 | M7: 0.08
A8: Q3 22 | K8: 0.13 | L8: 0.43 | M8: 0.36 | N8: 0.08
A9: Q4 22 | L9: 0.13 | M9: 0.43 | N9: 0.36 | O9: 0.08
A10: Q1 23 | M10: 0.17 | N10: 0.5 | O10: 0.3 | P10: 0.03
A11: Q2 23 | N11: 0.17 | O11: 0.5 | P11: 0.3
A12: Q3 23 | O12: 0.17 | P12: 0.5
A13: Q4 23 | P13: 0.17
B14: Opps | C14: Marketing Opps | D14: Budget () | E14: Q1 21 | F14: Q2 21 | G14: Q3 21 | H14: Q4 21 | I14: Q1 22 | J14: Q2 22 | K14: Q3 22 | L14: Q4 22 | M14: Q1 23 | N14: Q2 23 | O14: Q3 23 | P14: Q4 23
A15: Q1 21 | B15: 29 | E15: =$B15*E2 -> 3.77 | F15: =$B15*F2 -> 12.47 | G15: =$B15*G2 -> 10.44 | H15: =$B15*H2 -> 2.32
A16: Q2 21 | B16: =15+11+6 -> 32 | F16: =$B16*F3 -> 4.16 | G16: =$B16*G3 -> 13.76 | H16: =$B16*H3 -> 11.52 | I16: =$B16*I3 -> 2.56
A17: Q3 21 | B17: =30+19+20 -> 69 | G17: =$B17*G4 -> 8.97 | H17: =$B17*H4 -> 29.67 | I17: =$B17*I4 -> 24.84 | J17: =$B17*J4 -> 5.52
A18: Q4 21 | B18: =16+28+16 -> 60 | H18: =$B18*H5 -> 7.8 | I18: =$B18*I5 -> 25.8 | J18: =$B18*J5 -> 21.6 | K18: =$B18*K5 -> 4.8
A19: Q1 22 | B19: =16+23+34 -> 73 | D19: 657933 | I19: =$B19*I6 -> 9.49 | J19: =$B19*J6 -> 31.39 | K19: =$B19*K6 -> 26.28 | L19: =$B19*L6 -> 5.84
A20: Q2 22 | B20: 76 | D20: 852976 | J20: =$B20*J7 -> 9.88 | K20: =$B20*K7 -> 32.68 | L20: =$B20*L7 -> 27.36 | M20: =$B20*M7 -> 6.08
A21: Q3 22 | B21: =23*3.5 -> 80.5 | C21: =B21*0.7 -> 56.35 | D21: 1038700 | K21: =$B21*K8 -> 10.465 | L21: =$B21*L8 -> 34.615 | M21: =$B21*M8 -> 28.98 | N21: =$B21*N8 -> 6.44
A22: Q4 22 | B22: =32*3.5 -> 112 | C22: =B22*0.75 -> 84 | D22: 834200 | L22: =$B22*L9 -> 14.56 | M22: =$B22*M9 -> 48.16 | N22: =$B22*N9 -> 40.32 | O22: =$B22*O9 -> 8.96
A23: Q1 23 | B23: =26*3.5 -> 91 | C23: =B23*0.75 -> 68.25 | D23: 645203 | M23: =$B23*M10 -> 15.47 | N23: =$B23*N10 -> 45.5 | O23: =$B23*O10 -> 27.3 | P23: =$B23*P10 -> 2.73 | Q23: =D23/C23 -> 9453.5238
A24: Q2 23 | B24: =34*3.5 -> 119 | C24: =B24*0.75 -> 89.25 | D24: 677625 | N24: =$B24*N11 -> 20.23 | O24: =$B24*O11 -> 59.5 | P24: =$B24*P11 -> 35.7 | Q24: =D24/C24 -> 7592.437
A25: Q3 23 | B25: =35*3.5 -> 122.5 | C25: =B25*0.75 -> 91.875 | D25: 616219 | O25: =$B25*O12 -> 20.825 | P25: =$B25*P12 -> 61.25 | Q25: =D25/C25 -> 6707.1456
A26: Q4 23 | B26: =35*3.5 -> 122.5 | C26: =B26*0.75 -> 91.875 | D26: 616219 | P26: =$B26*P13 -> 20.825 | Q26: =D26/C26 -> 6707.1456
A27: Total Opps | E27: =sum(E15:E26) -> 3.77 | F27: =sum(F15:F26) -> 16.63 | G27: =sum(G15:G26) -> 33.17 | H27: =sum(H15:H26) -> 51.31 | I27: =sum(I15:I26) -> 62.69 | J27: =sum(J15:J26) -> 68.39 | K27: =sum(K15:K26) -> 74.225 | L27: =sum(L15:L26) -> 82.375 | ... P27: =sum(P15:P26) -> 120.505
A28: Target (125) | E28: - | F28: - | G28: - | H28: - | I28: 582000 | J28: 749000 | K28: 1041247 | L28: 1428099 | M28: =($J$28/$I$28)*L28 -> 1837880 | N28: =M28 -> 1837880 | O28: =N28 -> 1837880 | P28: =O28 -> 1837880
A29: ARR | E29: - | F29: - | G29: - | H29: - | I29: =3267624+I28 -> 3849624 | J29: =I29+J28 -> 4598624 | K29: =J29+K28 -> 5639871 | L29: =K29+L28 -> 7067970 | M29: =L29+M28 -> 8905850 | N29: =M29+N28 -> 10743730 | O29: =N29+O28 -> 12581610 | P29: =O29+P28 -> 14419490
A30: Average ARR | E30: 35000 | F30: 35000 | G30: 35000 | H30: 35000 | I30: 35000 | J30: 35000 | K30: 45000 | L30: 45000 | M30: 45000 | N30: 45000 | O30: 45000 | P30: 45000
A31: Pipeline Cover | E31: 2 | F31: 2 | G31: 2 | H31: 2 | I31: 2 | J31: 2.5 | K31: 3 | L31: 3 | M31: 3 | N31: 3 | O31: 3 | P31: 3
A32: Opps Required | E32: - | F32: - | G32: - | H32: - | I32: =(I28/I30)*I31 -> 33.257143 | J32: =(J28/J30)*J31 -> 53.5 | K32: =(K28/K30)*K31 -> 69.416467 | L32: =(L28/L30)*L31 -> 95.2066 | M32: =(M28/M30)*M31 -> 122.52533 | N32: =(N28/N30)*N31 -> 122.52533 | O32: =(O28/O30)*O31 -> 122.52533 | P32: =(P28/P30)*P31 -> 122.52533
A33: Delta Opps | E33: - | F33: - | G33: - | H33: - | I33: =I32-I27 -> -29.432857 | J33: =J32-J27 -> -14.89 | K33: =K32-K27 -> -4.8085333 | L33: =L32-L27 -> 12.8316 | M33: =M32-M27 -> 23.835332 | N33: =N32-N27 -> 10.035332 | O33: =O32-O27 -> 5.9403323 | P33: =P32-P27 -> 2.0203323
A34: Operating % | E34: -% | F34: -% | G34: -% | H34: -% | I34: =I27/I32 -> 1.8850086 | J34: =J27/J32 -> 1.2783178 | K34: =K27/K32 -> 1.0692708 | L34: =L27/L32 -> 0.86522363 | M34: =M27/M32 -> 0.80546609 | N34: =N27/N32 -> 0.91809586 | O34: =O27/O32 -> 0.95151752 | P34: =P27/P32 -> 0.9835109
A35: Fully ramped QCs | E35: 0 | F35: 0 | G35: 0 | H35: 1 | I35: 1 | J35: 1 | K35: 5 | L35: 5 | M35: 7 | N35: 9 | O35: 9 | P35: 9
A36: Opp Capacity | E36: =E35*13 -> 0 | F36: =F35*13 -> 0 | G36: =G35*13 -> 0 | H36: =H35*13 -> 13 | I36: =I35*13 -> 13 | J36: =J35*13 -> 13 | K36: =K35*13 -> 65 | L36: =L35*13 -> 65 | ... P36: =P35*13 -> 117
A37: Delta QCs | E37: - | F37: - | G37: - | H37: - | I37: =I36-I32 -> -20.257143 | J37: =J36-J32 -> -40.5 | K37: =K36-K32 -> -4.4164667 | L37: =L36-L32 -> -30.2066 | M37: =M36-M32 -> -31.525332 | N37: =N36-N32 -> -5.5253323 | O37: =O36-O32 -> -5.5253323 | P37: =P36-P32 -> -5.5253323
A40: 2022 Opps at current run rate | B40: 152
A41: 2022 target opps | B41: =sum(B21:B22) -> 192.5
A42: Delta | B42: =B41-B40 -> 40.5
A47: New | M47: 1416002 | N47: 1522002 | O47: 1618000 | P47: 1756002
A48: Upsell | M48: 344422 | N48: 340265 | O48: 527572 | P48: 926325
A49: Renewal | M49: 1148072 | N49: 1134217 | O49: 1758574 | P49: 3087751

Sheet 2023 Overview
B1: Closing CARR | C1: Opening ARR | D1: Growth Rate
A2: Downside | B2: 10700000 | C2: 6455827 | D2: =(B2-C2)/C2 -> 0.6574174
A3: Base | B3: 12900000 | C3: 6455827 | D3: =(B3-C3)/C3 -> 0.99819481
A4: Upside | B4: 13600000 | C4: 6455827 | D4: =(B4-C4)/C4 -> 1.106624
A5: Current Forecast | B5: ='2023-AS IS'!X40 -> 10425661 | C5: 6455827 | D5: =(B5-C5)/C5 -> 0.61492256
A6: Revised Forecast | B6: ='2023-TO BE'!X40 -> 11409396 | C6: 6455827 | D6: =(B6-C6)/C6 -> 0.76730208
A8: Run Rate SQLs | B8: =sum('2023-AS IS'!B23:B26) -> 588
A9: Run Rate SQL-D | B9: =79/110*B8 -> 422.29091
A10: Run Rate SQL-W | B10: =B8-B9 -> 165.70909
A11: Delta SQLs + Headroom | B11: =(sum('2023-TO BE'!B23:B26)-B8)*1.1 -> 136.4
A12: Delta SQL-D | B12: =B11-B13 -> 78.74
A13: Delta SQL-W | B13: =(B10/B8)*0.15/0.1*B11 -> 57.66
A14: MQL Required | B14: =B12/0.25 -> 314.96
A15: Marketing Spend Re | B15: =B14*'2023-TO BE'!Y26*0.09 -> 275779.71

Sheet 2023-AS IS
A1: Probability | C1: Q2 22 | D1: Q3 22 | E1: Q4 22 | F1: Q1 23 | G1: Q2 23 | H1: Q3 23 | I1: Q4 23 | J1: NA | M1: Q1 21 | N1: Q2 21 | O1: Q3 21 | P1: Q4 21 | Q1: Q1 22 | R1: Q2 22 | S1: Q3 22 | T1: Q4 22 | U1: Q1 23 | V1: Q2 23 | W1: Q3 23 | X1: Q4 23 | Y1: Average marketing cost per opp ()
A2: Q1 21 | M2: 0.13 | N2: 0.43 | O2: 0.36 | P2: 0.08
A3: Q2 21 | N3: 0.13 | O3: 0.43 | P3: 0.36 | Q3: 0.08
A4: Q3 21 | O4: 0.13 | P4: 0.43 | Q4: 0.36 | R4: 0.08
A5: Q4 21 | P5: 0.13 | Q5: 0.43 | R5: 0.36 | S5: 0.08
A6: Q1 22 | C6: 0.1 | D6: 0.01 | Q6: 0.13 | R6: 0.43 | S6: 0.36 | T6: 0.08
A7: Q2 22 | C7: =227/255 -> 0.89019608 | D7: 0.1 | E7: 0.01 | R7: 0.13 | S7: 0.43 | T7: 0.36 | U7: 0.11
A8: Q3 22 | D8: =227/255 -> 0.89019608 | E8: 0.1 | F8: 0.01 | S8: 0.13 | T8: 0.43 | U8: 0.26 | V8: 0.11
A9: Q4 22 | E9: =227/255 -> 0.89019608 | F9: 0.1 | G9: 0.01 | T9: 0.13 | U9: 0.4 | V9: 0.26 | W9: 0.11
A10: Q1 23 | F10: =227/255 -> 0.89019608 | G10: 0.1 | H10: 0.01 | U10: 0.23 | V10: 0.4 | W10: 0.26 | X10: 0.11
A11: Q2 23 | G11: =227/255 -> 0.89019608 | H11: 0.1 | I11: 0.01 | V11: 0.23 | W11: 0.4 | X11: 0.26
A12: Q3 23 | H12: =227/255 -> 0.89019608 | I12: 0.1 | W12: 0.23 | X12: 0.4
A13: Q4 23 | I13: 0.89 | X13: 0.13
B14: SQLs | C14: Q2 22 | D14: Q3 22 | E14: Q4 22 | F14: Q1 23 | G14: Q2 23 | H14: Q3 23 | I14: Q4 23 | J14: Opps | K14: Marketing Opps | L14: Budget () | M14: Q1 21 | N14: Q2 21 | O14: Q3 21 | P14: Q4 21 | Q14: Q1 22 | R14: Q2 22 | S14: Q3 22 | T14: Q4 22 | U14: Q1 23 | V14: Q2 23 | W14: Q3 23 | X14: Q4 23 | Z14: QC Required
A15: Q1 21 | J15: 29 | M15: =$J15*M2 -> 3.77 | N15: =$J15*N2 -> 12.47 | O15: =$J15*O2 -> 10.44 | P15: =$J15*P2 -> 2.32
A16: Q2 21 | J16: =15+11+6 -> 32 | N16: =$J16*N3 -> 4.16 | O16: =$J16*O3 -> 13.76 | P16: =$J16*P3 -> 11.52 | Q16: =$J16*Q3 -> 2.56
A17: Q3 21 | J17: =30+19+20 -> 69 | O17: =$J17*O4 -> 8.97 | P17: =$J17*P4 -> 29.67 | Q17: =$J17*Q4 -> 24.84 | R17: =$J17*R4 -> 5.52
A18: Q4 21 | J18: =16+28+16 -> 60 | P18: =$J18*P5 -> 7.8 | Q18: =$J18*Q5 -> 25.8 | R18: =$J18*R5 -> 21.6 | S18: =$J18*S5 -> 4.8
A19: Q1 22 | B19: 56 | C19: =$B19*C6 -> 5.6 | J19: =16+23+34 -> 73 | L19: 657933 | Q19: =$J19*Q6 -> 9.49 | R19: =$J19*R6 -> 31.39 | S19: =$J19*S6 -> 26.28 | T19: =$J19*T6 -> 5.84
A20: Q2 22 | B20: 128 | C20: =$B20*C7 -> 113.9451 | D20: =$B20*D7 -> 12.8 | J20: 91 | L20: 852976 | R20: =$J20*R7 -> 11.83 | S20: =$J20*S7 -> 39.13 | T20: =$J20*T7 -> 32.76 | U20: =$J20*U7 -> 10.01
A21: Q3 22 | B21: 190 | D21: =$B21*D8 -> 169.13725 | E21: =$B21*E8 -> 19 | F21: =$B21*F8 -> 1.9 | J21: 83 | K21: =J21*0.75 -> 62.25 | L21: 1038700 | S21: =$J21*S8 -> 10.79 | T21: =$J21*T8 -> 35.69 | U21: =$J21*U8 -> 21.58 | V21: =$J21*V8 -> 9.13 | Y21: =L21/K21 -> 16685.944 | Z21: =J21/15 -> 5.5333333
A22: Q4 22 | B22: 144 | E22: =$B22*E9 -> 128.18824 | F22: =$B22*F9 -> 14.4 | G22: =$B22*G9 -> 1.44 | J22: 94 | K22: =J22*0.75 -> 70.5 | L22: 834200 | T22: =$J22*T9 -> 12.22 | U22: =$J22*U9 -> 37.6 | V22: =$J22*V9 -> 24.44 | W22: =$J22*W9 -> 10.34 | Y22: =L22/K22 -> 11832.624 | Z22: =J22/15 -> 6.2666667
A23: Q1 23 | B23: 147 | F23: =$B23*F10 -> 130.85882 | G23: =$B23*G10 -> 14.7 | H23: =$B23*H10 -> 1.47 | J23: =(70/(31+28+14))*(31+28+31) -> 86.30137 | K23: =J23*0.75 -> 64.726027 | L23: 645203 | U23: =$J23*U10 -> 19.849315 | V23: =$J23*V10 -> 34.520548 | W23: =$J23*W10 -> 22.438356 | X23: =$J23*X10 -> 9.4931507 | Y23: =L23/K23 -> 9968.2157 | Z23: =J23/15 -> 5.7534247
A24: Q2 23 | B24: 147 | G24: =$B24*G11 -> 130.85882 | H24: =$B24*H11 -> 14.7 | I24: =$B24*I11 -> 1.47 | J24: =G29 -> 80.849353 | K24: =J24*0.75 -> 60.637015 | L24: 677625 | V24: =$J24*V11 -> 18.595351 | W24: =$J24*W11 -> 32.339741 | X24: =$J24*X11 -> 21.020832 | Y24: =L24/K24 -> 11175.105 | Z24: =J24/15 -> 5.3899569
A25: Q3 23 | B25: 147 | H25: =$B25*H12 -> 130.85882 | I25: =$B25*I12 -> 14.7 | J25: =H29 -> 80.865853 | K25: =J25*0.75 -> 60.64939 | L25: 677625 | W25: =$J25*W12 -> 18.599146 | X25: =$J25*X12 -> 32.346341 | Y25: =L25/K25 -> 11172.825 | Z25: =J25/15 -> 5.3910569
A26: Q4 23 | B26: 147 | I26: =$B26*I13 -> 130.83 | J26: =I29 -> 80.85 | K26: =J26*0.75 -> 60.6375 | L26: 677625 | X26: =$J26*X13 -> 10.5105 | Y26: =L26/K26 -> 11175.015 | Z26: =J26/15 -> 5.39
A27: Total SQLs | C27: =sum(C19:C26) -> 119.5451 | D27: =sum(D19:D26) -> 181.93725 | E27: =sum(E19:E26) -> 147.18824 | F27: =sum(F19:F26) -> 147.15882 | G27: =sum(G19:G26) -> 146.99882 | H27: =sum(H19:H26) -> 147.02882 | I27: =sum(I19:I26) -> 147
A28: Conversion | C28: =0.5 -> 0.5 | D28: =0.5 -> 0.5 | E28: =0.5 -> 0.5 | F28: 0.55 | G28: 0.55 | H28: 0.55 | I28: 0.55
A29: Forecasted Opps | C29: =C27*C28 -> 59.772549 | D29: =D27*D28 -> 90.968627 | E29: =E27*E28 -> 73.594118 | F29: =F27*F28 -> 80.937353 | G29: =G27*G28 -> 80.849353 | H29: =H27*H28 -> 80.865853 | I29: =I27*I28 -> 80.85
A30: Delta to Actual | F30: =F29-J23 -> -5.3640169 | G30: =G29-J24 -> 0 | H30: =H29-J25 -> 0 | I30: =I29-J26 -> 0
A31: Total Opps | M31: =sum(M15:M26) -> 3.77 | N31: =sum(N15:N26) -> 16.63 | O31: =sum(O15:O26) -> 33.17 | P31: =sum(P15:P26) -> 51.31 | Q31: =sum(Q15:Q26) -> 62.69 | R31: =sum(R15:R26) -> 70.34 | S31: =sum(S15:S26) -> 81 | T31: =sum(T15:T26) -> 86.51 | ... X31: =sum(X15:X26) -> 73.370824
A32: Base Target | M32: - | N32: - | O32: - | P32: - | Q32: 582000 | R32: 749000 | S32: 1204000 | T32: 1750000 | U32: 1375000 | V32: 1700000 | W32: =V32 -> 1700000 | X32: =W32 -> 1700000
A33: ARR | M33: - | N33: - | O33: - | P33: - | Q33: =3267624+Q32 -> 3849624 | R33: =Q33+R32 -> 4598624 | S33: =R33+S32 -> 5802624 | T33: =S33+T32 -> 7552624 | U33: =T33+U32 -> 8927624 | V33: =U33+V32 -> 10627624 | W33: =V33+W32 -> 12327624 | X33: =W33+X32 -> 14027624
A34: Average ARR | M34: 35000 | N34: 35000 | O34: 35000 | P34: 35000 | Q34: 35000 | R34: 35000 | S34: 45000 | T34: 45000 | U34: 52373 | V34: 52373 | W34: 52373 | X34: 52373
A35: Pipeline Cover | M35: 2 | N35: 2 | O35: 2 | P35: 2 | Q35: 2 | R35: 3 | S35: 3 | T35: 3 | U35: 4.5 | V35: 3.5 | W35: 4.5 | X35: 3.5
A36: Opps Required | M36: - | N36: - | O36: - | P36: - | Q36: =(Q32/Q34)*Q35 -> 33.257143 | R36: =(R32/R34)*R35 -> 64.2 | S36: =(S32/S34)*S35 -> 80.266667 | T36: =(T32/T34)*T35 -> 116.66667 | U36: =(U32/U34)*U35 -> 118.14294 | V36: =(V32/V34)*V35 -> 113.60816 | W36: =(W32/W34)*W35 -> 146.06763 | X36: =(X32/X34)*X35 -> 113.60816
A37: Delta Opps | M37: - | N37: - | O37: - | P37: - | Q37: =Q36-Q31 -> -29.432857 | R37: =R36-R31 -> -6.14 | S37: =S36-S31 -> -0.73333333 | T37: =T36-T31 -> 30.156667 | U37: =U36-U31 -> 29.103621 | V37: =V36-V31 -> 26.922258 | W37: =W36-W31 -> 62.350387 | X37: =X36-X31 -> 40.237333
A38: Operating % | M38: -% | N38: -% | O38: -% | P38: -% | Q38: =Q31/Q36 -> 1.8850086 | R38: =R31/R36 -> 1.0956386 | S38: =S31/S36 -> 1.0091362 | T38: =T31/T36 -> 0.74151429 | U38: =U31/U36 -> 0.75365754 | V38: =V31/V36 -> 0.76302531 | W38: =W31/W36 -> 0.57314029 | X38: =X31/X36 -> 0.64582355
A39: Resulting Bookings | U39: =U38*U32 -> 1036279.1 | V39: =V38*V32 -> 1297143 | W39: =W38*W32 -> 974338.49 | X39: =X38*X32 -> 1097900
A40: Closing CARR | J40: 6450000 | U40: =6500000+U39-120000 -> 7416279.1 | V40: =U40+V39-120000 -> 8593422.1 | W40: =V40+W39-120000 -> 9447760.6 | X40: =W40+X39-120000 -> 10425661

Sheet Sheet5
A1: Probability | B1: Q1 23 | C1: Q2 23 | D1: Q3 23 | E1: Q4 23 | F1: Q1 23 | G1: Q2 23 | H1: Q3 23 | I1: Q4 23
A2: Q2 22 | F2: 0.08
A3: Q3 22 | B3: 0.01 | F3: 0.36 | G3: 0.08
A4: Q4 22 | B4: 0.1 | C4: 0.01 | F4: 0.43 | G4: 0.36 | H4: 0.08
A5: Q1 23 | B5: =227/255 -> 0.89019608 | C5: 0.1 | D5: 0.01 | F5: 0.13 | G5: 0.43 | H5: 0.36 | I5: 0.08
A6: Q2 23 | C6: =227/255 -> 0.89019608 | D6: 0.1 | E6: 0.01 | G6: 0.13 | H6: 0.43 | I6: 0.36
A7: Q3 23 | D7: =227/255 -> 0.89019608 | E7: 0.1 | H7: 0.13 | I7: 0.43
A8: Q4 23 | E8: 0.89 | I8: 0.13

Sheet Sheet6
B1: SQLs | C1: Q2 22 | D1: Q3 22 | E1: Q4 22 | F1: Q1 23 | G1: Q2 23 | H1: Q3 23 | I1: Q4 23 | J1: Opps | K1: Marketing Opps | L1: Budget () | M1: Q1 21 | N1: Q2 21 | O1: Q3 21 | P1: Q4 21 | Q1: Q1 22 | R1: Q2 22 | S1: Q3 22 | T1: Q4 22 | U1: Q1 23 | V1: Q2 23 | W1: Q3 23 | X1: Q4 23
A2: Q3 22 | B2: 190 | D2: =$B2*Sheet5!D5 -> 1.9 | E2: =$B2*Sheet5!E5 -> 0 | F2: =$B2*Sheet5!F5 -> 24.7 | J2: 85 | K2: =J2*0.75 -> 63.75 | L2: 1038700 | S2: =$J2*Sheet5!S5 -> 0 | T2: =$J2*Sheet5!T5 -> 0 | U2: =$J2*Sheet5!U5 -> 0 | V2: =$J2*Sheet5!V5 -> 0
A3: Q4 22 | B3: 144 | E3: =$B3*Sheet5!E6 -> 1.44 | F3: =$B3*Sheet5!F6 -> 0 | G3: =$B3*Sheet5!G6 -> 18.72 | J3: 84 | K3: =J3*0.75 -> 63 | L3: 834200 | T3: =$J3*Sheet5!T6 -> 0 | U3: =$J3*Sheet5!U6 -> 0 | V3: =$J3*Sheet5!V6 -> 0 | W3: =$J3*Sheet5!W6 -> 0
A4: Q1 23 | B4: 147 | F4: =$B4*Sheet5!F7 -> 0 | G4: =$B4*Sheet5!G7 -> 0 | H4: =$B4*Sheet5!H7 -> 19.11 | J4: =(50/(31+28+7))*(31+28+31) -> 68.181818 | K4: =J4*0.75 -> 51.136364 | L4: 645203 | U4: =$J4*Sheet5!U7 -> 0 | V4: =$J4*Sheet5!V7 -> 0 | W4: =$J4*Sheet5!W7 -> 0 | X4: =$J4*Sheet5!X7 -> 0
A5: Q2 23 | B5: 147 | G5: =$B5*Sheet5!G8 -> 0 | H5: =$B5*Sheet5!H8 -> 0 | I5: =$B5*Sheet5!I8 -> 19.11 | J5: =G10 -> 9.5021258 | K5: =J5*0.75 -> 7.1265944 | L5: 677625 | V5: =$J5*Sheet5!V8 -> 0 | W5: =$J5*Sheet5!W8 -> 0 | X5: =$J5*Sheet5!X8 -> 0
A6: Q3 23 | B6: 147 | H6: =$B6*Sheet5!H9 -> 0 | I6: =$B6*Sheet5!I9 -> 0 | J6: =H10 -> 9.7000868 | K6: =J6*0.75 -> 7.2750651 | L6: 677625 | W6: =$J6*Sheet5!W9 -> 0 | X6: =$J6*Sheet5!X9 -> 0
A7: Q4 23 | B7: 147 | I7: =$B7*Sheet5!I10 -> 0 | J7: =I10 -> 9.7000868 | K7: =J7*0.75 -> 7.2750651 | L7: 677625 | X7: =$J7*Sheet5!X10 -> 0
A8: Total SQLs | C8: =sum(C2:C7) -> 0 | D8: =sum(D2:D7) -> 1.9 | E8: =sum(E2:E7) -> 1.44 | F8: =sum(F2:F7) -> 24.7 | G8: =sum(G2:G7) -> 18.72 | H8: =sum(H2:H7) -> 19.11 | I8: =sum(I2:I7) -> 19.11
A9: Conversion | C9: =0.5 -> 0.5 | D9: =0.5 -> 0.5 | E9: =0.5 -> 0.5 | F9: =234/461 -> 0.50759219 | G9: =234/461 -> 0.50759219 | H9: =234/461 -> 0.50759219 | I9: =234/461 -> 0.50759219
A10: Forecasted Opps | C10: =C8*C9 -> 0 | D10: =D8*D9 -> 0.95 | E10: =E8*E9 -> 0.72 | F10: =F8*F9 -> 12.537527 | G10: =G8*G9 -> 9.5021258 | H10: =H8*H9 -> 9.7000868 | I10: =I8*I9 -> 9.7000868
A11: Delta to Actual | F11: =F10-J4 -> -55.644291 | G11: =G10-J5 -> 0 | H11: =H10-J6 -> 0 | I11: =I10-J7 -> 0
A12: Total Opps | M12: =sum(M2:M7) -> 0 | N12: =sum(N2:N7) -> 0 | O12: =sum(O2:O7) -> 0 | P12: =sum(P2:P7) -> 0 | Q12: =sum(Q2:Q7) -> 0 | R12: =sum(R2:R7) -> 0 | S12: =sum(S2:S7) -> 0 | T12: =sum(T2:T7) -> 0 | ... X12: =sum(X2:X7) -> 0
A13: Base Target | M13: - | N13: - | O13: - | P13: - | Q13: 582000 | R13: 749000 | S13: 1204000 | T13: 1750000 | U13: 1375000 | V13: 1700000 | W13: =V13 -> 1700000 | X13: =W13 -> 1700000
A14: ARR | M14: - | N14: - | O14: - | P14: - | Q14: =3267624+Q13 -> 3849624 | R14: =Q14+R13 -> 4598624 | S14: =R14+S13 -> 5802624 | T14: =S14+T13 -> 7552624 | U14: =T14+U13 -> 8927624 | V14: =U14+V13 -> 10627624 | W14: =V14+W13 -> 12327624 | X14: =W14+X13 -> 14027624
A15: Average ARR | M15: 35000 | N15: 35000 | O15: 35000 | P15: 35000 | Q15: 35000 | R15: 35000 | S15: 45000 | T15: 45000 | U15: 52373 | V15: 50000 | W15: 50000 | X15: 50000
A16: Pipeline Cover | M16: 2 | N16: 2 | O16: 2 | P16: 2 | Q16: 2 | R16: 3 | S16: 3 | T16: 3 | U16: 4.5 | V16: 3.5 | W16: 4.5 | X16: 3.5
A17: Opps Required | M17: - | N17: - | O17: - | P17: - | Q17: =(Q13/Q15)*Q16 -> 33.257143 | R17: =(R13/R15)*R16 -> 64.2 | S17: =(S13/S15)*S16 -> 80.266667 | T17: =(T13/T15)*T16 -> 116.66667 | U17: =(U13/U15)*U16 -> 118.14294 | V17: =(V13/V15)*V16 -> 119 | W17: =(W13/W15)*W16 -> 153 | X17: =(X13/X15)*X16 -> 119
A18: Delta Opps | M18: - | N18: - | O18: - | P18: - | Q18: =Q17-Q12 -> 33.257143 | R18: =R17-R12 -> 64.2 | S18: =S17-S12 -> 80.266667 | T18: =T17-T12 -> 116.66667 | U18: =U17-U12 -> 118.14294 | V18: =V17-V12 -> 119 | W18: =W17-W12 -> 153 | X18: =X17-X12 -> 119
A19: Operating % | M19: -% | N19: -% | O19: -% | P19: -% | Q19: =Q12/Q17 -> 0 | R19: =R12/R17 -> 0 | S19: =S12/S17 -> 0 | T19: =T12/T17 -> 0 | U19: =U12/U17 -> 0 | V19: =V12/V17 -> 0 | W19: =W12/W17 -> 0 | X19: =X12/X17 -> 0
A20: Resulting Bookings | U20: =U19*U13 -> 0 | V20: =V19*V13 -> 0 | W20: =W19*W13 -> 0 | X20: =X19*X13 -> 0
A21: Closing ARR | J21: 6450000 | U21: =6500000+U20-120000 -> 6380000 | V21: =U21+V20-120000 -> 6260000 | W21: =V21+W20-120000 -> 6140000 | X21: =W21+X20-120000 -> 6020000

Sheet 2023-TO BE
A1: Probability | C1: Q2 22 | D1: Q3 22 | E1: Q4 22 | F1: Q1 23 | G1: Q2 23 | H1: Q3 23 | I1: Q4 23 | J1: NA | M1: Q1 21 | N1: Q2 21 | O1: Q3 21 | P1: Q4 21 | Q1: Q1 22 | R1: Q2 22 | S1: Q3 22 | T1: Q4 22 | U1: Q1 23 | V1: Q2 23 | W1: Q3 23 | X1: Q4 23 | Y1: Average marketing cost per opp ()
A2: Q1 21 | M2: 0.13 | N2: 0.43 | O2: 0.36 | P2: 0.08
A3: Q2 21 | N3: 0.13 | O3: 0.43 | P3: 0.36 | Q3: 0.08
A4: Q3 21 | O4: 0.13 | P4: 0.43 | Q4: 0.36 | R4: 0.08
A5: Q4 21 | P5: 0.13 | Q5: 0.43 | R5: 0.36 | S5: 0.08
A6: Q1 22 | C6: =227/255 -> 0.89019608 | Q6: 0.13 | R6: 0.43 | S6: 0.36 | T6: 0.08
A7: Q2 22 | C7: =25/255 -> 0.098039216 | D7: =227/255 -> 0.89019608 | R7: 0.13 | S7: 0.43 | T7: 0.36 | U7: 0.11
A8: Q3 22 | C8: =3/255 -> 0.011764706 | D8: =25/255 -> 0.098039216 | E8: =227/255 -> 0.89019608 | F8: 0.01 | S8: 0.13 | T8: 0.43 | U8: 0.26 | V8: 0.11
A9: Q4 22 | D9: =3/255 -> 0.011764706 | E9: =25/255 -> 0.098039216 | F9: 0.1 | G9: 0.01 | T9: 0.13 | U9: 0.4 | V9: 0.26 | W9: 0.11
A10: Q1 23 | E10: =3/255 -> 0.011764706 | F10: =227/255 -> 0.89019608 | G10: 0.1 | H10: 0.01 | U10: 0.23 | V10: 0.4 | W10: 0.26 | X10: 0.11
A11: Q2 23 | G11: =227/255 -> 0.89019608 | H11: 0.1 | I11: 0.01 | V11: 0.23 | W11: 0.4 | X11: 0.26
A12: Q3 23 | H12: =227/255 -> 0.89019608 | I12: 0.1 | W12: 0.23 | X12: 0.4
A13: Q4 23 | I13: 0.89 | X13: 0.13
B14: SQLs | C14: Q2 22 | D14: Q3 22 | E14: Q4 22 | F14: Q1 23 | G14: Q2 23 | H14: Q3 23 | I14: Q4 23 | J14: Opps | K14: Marketing Opps | L14: Budget () | M14: Q1 21 | N14: Q2 21 | O14: Q3 21 | P14: Q4 21 | Q14: Q1 22 | R14: Q2 22 | S14: Q3 22 | T14: Q4 22 | U14: Q1 23 | V14: Q2 23 | W14: Q3 23 | X14: Q4 23 | Z14: QC Required
A15: Q1 21 | J15: 29 | M15: =$J15*M2 -> 3.77 | N15: =$J15*N2 -> 12.47 | O15: =$J15*O2 -> 10.44 | P15: =$J15*P2 -> 2.32
A16: Q2 21 | J16: =15+11+6 -> 32 | N16: =$J16*N3 -> 4.16 | O16: =$J16*O3 -> 13.76 | P16: =$J16*P3 -> 11.52 | Q16: =$J16*Q3 -> 2.56
A17: Q3 21 | J17: =30+19+20 -> 69 | O17: =$J17*O4 -> 8.97 | P17: =$J17*P4 -> 29.67 | Q17: =$J17*Q4 -> 24.84 | R17: =$J17*R4 -> 5.52
A18: Q4 21 | J18: =16+28+16 -> 60 | P18: =$J18*P5 -> 7.8 | Q18: =$J18*Q5 -> 25.8 | R18: =$J18*R5 -> 21.6 | S18: =$J18*S5 -> 4.8
A19: Q1 22 | B19: 56 | C19: =$B19*C6 -> 49.85098 | J19: =16+23+34 -> 73 | L19: 657933 | Q19: =$J19*Q6 -> 9.49 | R19: =$J19*R6 -> 31.39 | S19: =$J19*S6 -> 26.28 | T19: =$J19*T6 -> 5.84
A20: Q2 22 | B20: 128 | C20: =$B20*C7 -> 12.54902 | D20: =$B20*D7 -> 113.9451 | J20: 91 | L20: 852976 | R20: =$J20*R7 -> 11.83 | S20: =$J20*S7 -> 39.13 | T20: =$J20*T7 -> 32.76 | U20: =$J20*U7 -> 10.01
A21: Q3 22 | B21: 190 | C21: =$B21*C8 -> 2.2352941 | D21: =$B21*D8 -> 18.627451 | E21: =$B21*E8 -> 169.13725 | F21: =$B21*F8 -> 1.9 | J21: 83 | K21: =J21*0.75 -> 62.25 | L21: 1038700 | S21: =$J21*S8 -> 10.79 | T21: =$J21*T8 -> 35.69 | U21: =$J21*U8 -> 21.58 | V21: =$J21*V8 -> 9.13 | Y21: =L21/K21 -> 16685.944 | Z21: =J21/15 -> 5.5333333
A22: Q4 22 | B22: 144 | D22: =$B22*D9 -> 1.6941176 | E22: =$B22*E9 -> 14.117647 | F22: =$B22*F9 -> 14.4 | G22: =$B22*G9 -> 1.44 | J22: 94 | K22: =J22*0.75 -> 70.5 | L22: 834200 | T22: =$J22*T9 -> 12.22 | U22: =$J22*U9 -> 37.6 | V22: =$J22*V9 -> 24.44 | W22: =$J22*W9 -> 10.34 | Y22: =L22/K22 -> 11832.624 | Z22: =J22/15 -> 6.2666667
A23: Q1 23 | B23: 147 | E23: =$B23*E10 -> 1.7294118 | F23: =$B23*F10 -> 130.85882 | G23: =$B23*G10 -> 14.7 | H23: =$B23*H10 -> 1.47 | J23: =(70/(31+28+14))*(31+28+31) -> 86.30137 | K23: =J23*0.75 -> 64.726027 | L23: 645203 | U23: =$J23*U10 -> 19.849315 | V23: =$J23*V10 -> 34.520548 | W23: =$J23*W10 -> 22.438356 | X23: =$J23*X10 -> 9.4931507 | Y23: =L23/K23 -> 9968.2157 | Z23: =J23/15 -> 5.7534247
A24: Q2 23 | B24: 200 | G24: =$B24*G11 -> 178.03922 | H24: =$B24*H11 -> 20 | I24: =$B24*I11 -> 2 | J24: =G29 -> 106.79857 | K24: =J24*0.75 -> 80.098926 | L24: 677625 | V24: =$J24*V11 -> 24.563671 | W24: =$J24*W11 -> 42.719427 | X24: =$J24*X11 -> 27.767628 | Y24: =L24/K24 -> 8459.8512 | Z24: =J24/15 -> 7.1199046
A25: Q3 23 | B25: 200 | H25: =$B25*H12 -> 178.03922 | I25: =$B25*I12 -> 20 | J25: =H29 -> 109.73007 | K25: =J25*0.75 -> 82.297551 | L25: 677625 | W25: =$J25*W12 -> 25.237916 | X25: =$J25*X12 -> 43.892027 | Y25: =L25/K25 -> 8233.8416 | Z25: =J25/15 -> 7.3153379
A26: Q4 23 | B26: 165 | I26: =$B26*I13 -> 146.85 | J26: =I29 -> 92.8675 | K26: =J26*0.75 -> 69.650625 | L26: 677625 | X26: =$J26*X13 -> 12.072775 | Y26: =L26/K26 -> 9728.9149 | Z26: =J26/15 -> 6.1911667
A27: Total SQLs | C27: =sum(C19:C26) -> 64.635294 | D27: =sum(D19:D26) -> 134.26667 | E27: =sum(E19:E26) -> 184.98431 | F27: =sum(F19:F26) -> 147.15882 | G27: =sum(G19:G26) -> 194.17922 | H27: =sum(H19:H26) -> 199.50922 | I27: =sum(I19:I26) -> 168.85
A28: Conversion | C28: =0.5 -> 0.5 | D28: =0.5 -> 0.5 | E28: =0.5 -> 0.5 | F28: 0.55 | G28: 0.55 | H28: 0.55 | I28: 0.55
A29: Forecasted Opps | C29: =C27*C28 -> 32.317647 | D29: =D27*D28 -> 67.133333 | E29: =E27*E28 -> 92.492157 | F29: =F27*F28 -> 80.937353 | G29: =G27*G28 -> 106.79857 | H29: =H27*H28 -> 109.73007 | I29: =I27*I28 -> 92.8675
A30: Delta to Actual | F30: =F29-J23 -> -5.3640169 | G30: =G29-J24 -> 0 | H30: =H29-J25 -> 0 | I30: =I29-J26 -> 0
A31: Total Opps | M31: =sum(M15:M26) -> 3.77 | N31: =sum(N15:N26) -> 16.63 | O31: =sum(O15:O26) -> 33.17 | P31: =sum(P15:P26) -> 51.31 | Q31: =sum(Q15:Q26) -> 62.69 | R31: =sum(R15:R26) -> 70.34 | S31: =sum(S15:S26) -> 81 | T31: =sum(T15:T26) -> 86.51 | ... X31: =sum(X15:X26) -> 93.225581
A32: Base Target | M32: - | N32: - | O32: - | P32: - | Q32: 582000 | R32: 749000 | S32: 1204000 | T32: 1750000 | U32: 1375000 | V32: 1700000 | W32: =V32 -> 1700000 | X32: =W32 -> 1700000
A33: ARR | M33: - | N33: - | O33: - | P33: - | Q33: =3267624+Q32 -> 3849624 | R33: =Q33+R32 -> 4598624 | S33: =R33+S32 -> 5802624 | T33: =S33+T32 -> 7552624 | U33: =T33+U32 -> 8927624 | V33: =U33+V32 -> 10627624 | W33: =V33+W32 -> 12327624 | X33: =W33+X32 -> 14027624
A34: Average ARR | M34: 35000 | N34: 35000 | O34: 35000 | P34: 35000 | Q34: 35000 | R34: 35000 | S34: 45000 | T34: 45000 | U34: 52373 | V34: 55000 | W34: 60000 | X34: 60000
A35: Pipeline Cover | M35: 2 | N35: 2 | O35: 2 | P35: 2 | Q35: 2 | R35: 3 | S35: 3 | T35: 3 | U35: 4.5 | V35: 3.5 | W35: 4.5 | X35: 3.5
A36: Opps Required | M36: - | N36: - | O36: - | P36: - | Q36: =(Q32/Q34)*Q35 -> 33.257143 | R36: =(R32/R34)*R35 -> 64.2 | S36: =(S32/S34)*S35 -> 80.266667 | T36: =(T32/T34)*T35 -> 116.66667 | U36: =(U32/U34)*U35 -> 118.14294 | V36: =(V32/V34)*V35 -> 108.18182 | W36: =(W32/W34)*W35 -> 127.5 | X36: =(X32/X34)*X35 -> 99.166667
A37: Delta Opps | M37: - | N37: - | O37: - | P37: - | Q37: =Q36-Q31 -> -29.432857 | R37: =R36-R31 -> -6.14 | S37: =S36-S31 -> -0.73333333 | T37: =T36-T31 -> 30.156667 | U37: =U36-U31 -> 29.103621 | V37: =V36-V31 -> 15.527599 | W37: =W36-W31 -> 26.764301 | X37: =X36-X31 -> 5.9410857
A38: Operating % | M38: -% | N38: -% | O38: -% | P38: -% | Q38: =Q31/Q36 -> 1.8850086 | R38: =R31/R36 -> 1.0956386 | S38: =S31/S36 -> 1.0091362 | T38: =T31/T36 -> 0.74151429 | U38: =U31/U36 -> 0.75365754 | V38: =V31/V36 -> 0.85646757 | W38: =W31/W36 -> 0.79008392 | X38: =X31/X36 -> 0.94008989
A39: Resulting Bookings | U39: =U38*U32 -> 1036279.1 | V39: =V38*V32 -> 1455994.9 | W39: =W38*W32 -> 1343142.7 | X39: =X38*X32 -> 1598152.8
A40: Closing ARR | J40: 6455827 | U40: =J40+U39-120000 -> 7372106.1 | V40: =U40+V39-120000 -> 8708101 | W40: =V40+W39-120000 -> 9931243.6 | X40: =W40+X39-120000 -> 11409396

Sheet Overall Performance
C1: Q1 21 | D1: Q2 21 | E1: Q3 21 | F1: Q4 21 | G1: Q1 22 | H1: Q2 22 | I1: Q3 22 | J1: Q4 22 | K1: Q1 23 | L1: Q2 23 | M1: Q3 23 | N1: Q4 23 | O1: Q1 24 | P1: Q2 24 | Q1: Q3 24 | R1: Q4 24 | S1: Q1 25 | T1: Q2 25 | U1: Q3 25 | V1: Q4 25 | W1: Q1 26 | X1: Q2 26 | Y1: Q3 26 | Z1: Q4 26 | AA1: Q1 27 | AB1: Q2 27 | AC1: Q3 27 | AD1: Q4 27 | AE1: Q1 28 | AF1: Q2 28 | AG1: Q3 28 | AH1: Q4 28
A2: NORAM | B2: Inbound SQLs | R2: {=TRANSPOSE('Inbound Cascade NORAM'!$B$50:$B$66)} -> 24 | S2: 24 | T2: 31 | U2: #REF! | V2: #REF! | W2: #REF! | X2: #REF! | Y2: #REF! | Z2: #REF! | AA2: #REF! | AB2: #REF! | AC2: #REF! | AD2: #REF! | AE2: #REF! | AF2: #REF! | AG2: #REF! | AH2: #REF!
B3: Outbound SQLs | R3: {=TRANSPOSE('Outbound Cascade NORAM'!$B$50:$B$66)} -> 10 | S3: 23 | T3: 9 | U3: 0 | V3: 0 | W3: 0 | X3: 0 | Y3: 0 | Z3: 0 | AA3: 0 | AB3: 0 | AC3: 0 | AD3: 0 | AE3: 0 | AF3: 0 | AG3: 0 | AH3: 0
B4: ILO SQLs | R4: {=TRANSPOSE('ILO Cascade NORAM'!$B$50:$B$66)} -> 20 | S4: 26 | T4: 23 | U4: 24.5 | V4: 31.85 | W4: 31.85 | X4: 36.75 | Y4: 36.75 | Z4: 41.65 | AA4: 41.65 | AB4: 41.65 | AC4: 41.65 | AD4: 41.65 | AE4: 41.65 | AF4: 41.65 | AG4: 41.65 | AH4: 41.65
B5: Event SQLs | R5: {=TRANSPOSE('Events Cascade NORAM'!$B$50:$B$66)} -> 26 | S5: 10 | T5: 10 | U5: 15 | V5: 15 | W5: 15 | X5: 15 | Y5: 15 | Z5: 15 | AA5: 15 | AB5: 15 | AC5: 15 | AD5: 15 | AE5: 15 | AF5: 15 | AG5: 15 | AH5: 15
B6: Total SQLs | R6: =sum(R2:R5) -> 80 | S6: =sum(S2:S5) -> 83 | T6: =sum(T2:T5) -> 73 | U6: =sum(U2:U5) -> #REF! | V6: =sum(V2:V5) -> #REF! | W6: =sum(W2:W5) -> #REF! | X6: =sum(X2:X5) -> #REF! | Y6: =sum(Y2:Y5) -> #REF! | ... AH6: =sum(AH2:AH5) -> #REF!
B7: Outbound Opps | C7: ='Outbound Cascade EMESA NORTH'!AG64 | D7: ='Outbound Cascade EMESA NORTH'!AH64 | E7: ='Outbound Cascade EMESA NORTH'!AI64 | F7: ='Outbound Cascade EMESA NORTH'!AJ64 | G7: ='Outbound Cascade EMESA NORTH'!AK64 | H7: ='Outbound Cascade EMESA NORTH'!AL64 | I7: ='Outbound Cascade EMESA NORTH'!AM64 | J7: ='Outbound Cascade EMESA NORTH'!AN64 | K7: ='Outbound Cascade EMESA NORTH'!G67/2 -> 0.33382353 | L7: ='Outbound Cascade EMESA NORTH'!H67/2 -> 0.37132353 | M7: ='Outbound Cascade EMESA NORTH'!I67/2 -> 0.37507353 | N7: ='Outbound Cascade EMESA NORTH'!J67/2 -> 0.37507353 | O7: ='Outbound Cascade EMESA NORTH'!K67/2 -> 0.37507353 | P7: ='Outbound Cascade EMESA NORTH'!L67/2 -> 0.37507353 | Q7: ='Outbound Cascade EMESA NORTH'!M67/2 -> 0.37507353 | R7: ='Outbound Cascade NORAM'!N67 -> 1.5 | S7: ='Outbound Cascade NORAM'!O67 -> 3.2355 | T7: ='Outbound Cascade NORAM'!P67 -> 1.5615 | U7: ='Outbound Cascade NORAM'!Q67 -> 0.1695 | V7: ='Outbound Cascade NORAM'!R67 -> 0.0135 | W7: ='Outbound Cascade NORAM'!S67 -> 0 | X7: ='Outbound Cascade NORAM'!T67 -> 0 | Y7: ='Outbound Cascade NORAM'!U67 -> 0 | ... AH7: ='Outbound Cascade NORAM'!AD67 -> 0
B8: ILO Opps | R8: ='ILO Cascade NORAM'!N67 -> 7.56 | S8: ='ILO Cascade NORAM'!O67 -> 10.096 | T8: ='ILO Cascade NORAM'!P67 -> 9.308 | U8: ='ILO Cascade NORAM'!Q67 -> 9.746 | V8: ='ILO Cascade NORAM'!R67 -> 13.827925 | W8: ='ILO Cascade NORAM'!S67 -> 14.289985 | X8: ='ILO Cascade NORAM'!T67 -> 16.298193 | Y8: ='ILO Cascade NORAM'!U67 -> 16.518693 | ... AH8: ='ILO Cascade NORAM'!AD67 -> 18.7425
B9: Inbound Opps | K9: ='Inbound Cascade NORAM'!G67 -> 14.514541 | L9: ='Inbound Cascade NORAM'!H67 -> 11.006071 | M9: ='Inbound Cascade NORAM'!I67 -> 11.461059 | N9: ='Inbound Cascade NORAM'!J67 -> 9.3761882 | O9: ='Inbound Cascade NORAM'!K67 -> 8.5048471 | P9: ='Inbound Cascade NORAM'!L67 -> 7.7679059 | Q9: ='Inbound Cascade NORAM'!M67 -> 11.534353 | R9: ='Inbound Cascade NORAM'!N67 -> 11.9568 | ... AH9: ='Inbound Cascade NORAM'!AD67 -> #REF!
B10: Event Opps | K10: ='Events Cascade EMESA'!G67/2 -> 0 | L10: ='Events Cascade EMESA'!H67/2 -> 0 | M10: ='Events Cascade EMESA'!I67/2 -> 0 | N10: ='Events Cascade EMESA'!J67/2 -> 0 | O10: ='Events Cascade EMESA'!K67/2 -> 0 | P10: ='Events Cascade EMESA'!L67/2 -> 0 | Q10: ='Events Cascade EMESA'!M67/2 -> 0 | R10: ='Events Cascade NORAM'!N67 -> 3.471 | S10: ='Events Cascade NORAM'!O67 -> 1.725 | T10: ='Events Cascade NORAM'!P67 -> 1.524 | U10: ='Events Cascade NORAM'!Q67 -> 2.1675 | V10: ='Events Cascade NORAM'!R67 -> 2.2425 | W10: ='Events Cascade NORAM'!S67 -> 2.2504412 | X10: ='Events Cascade NORAM'!T67 -> 2.2504412 | Y10: ='Events Cascade NORAM'!U67 -> 2.2504412 | ... AH10: ='Events Cascade NORAM'!AD67 -> 2.25
B11: Partner Opps | K11: ='Partner Cascade NORAM'!G67 -> 0 | L11: ='Partner Cascade NORAM'!H67 -> 3 | M11: ='Partner Cascade NORAM'!I67 -> 2 | N11: ='Partner Cascade NORAM'!J67 -> 4 | O11: ='Partner Cascade NORAM'!K67 -> 0 | P11: ='Partner Cascade NORAM'!L67 -> 1 | Q11: ='Partner Cascade NORAM'!M67 -> 0 | R11: ='Partner Cascade NORAM'!N67 -> 0 | ... AH11: ='Partner Cascade NORAM'!AD67 -> 6.7565748
A12: TOTAL NORAM OCR | C12: =SUM(#REF!) -> #REF! | D12: =SUM(#REF!) -> #REF! | E12: =SUM(#REF!) -> #REF! | F12: =SUM(#REF!) -> #REF! | G12: =SUM(#REF!) -> #REF! | H12: =SUM(#REF!) -> #REF! | I12: =SUM(#REF!) -> #REF! | J12: =SUM(#REF!) -> #REF! | K12: =SUM(K7:K11) -> 14.848365 | L12: =SUM(L7:L11) -> 14.377394 | M12: =SUM(M7:M11) -> 13.836132 | N12: =SUM(N7:N11) -> 13.751262 | O12: =SUM(O7:O11) -> 8.8799206 | P12: =SUM(P7:P11) -> 9.1429794 | Q12: =SUM(Q7:Q11) -> 11.909426 | R12: =SUM(R7:R11) -> 24.4878 | ... AH12: =SUM(AH7:AH11) -> #REF!
A13: EMESA N | B13: Inbound SQLs | R13: {=TRANSPOSE('Inbound Cascade EMESA NORTH'!$B$50:$B$66)} -> 18 | S13: 18 | T13: 18 | U13: #REF! | V13: #REF! | W13: #REF! | X13: #REF! | Y13: #REF! | Z13: #REF! | AA13: #REF! | AB13: #REF! | AC13: #REF! | AD13: #REF! | AE13: #REF! | AF13: #REF! | AG13: #REF! | AH13: #REF!
B14: Outbound SQLs | R14: {=TRANSPOSE('Outbound Cascade EMESA NORTH'!$B$50:$B$66)} -> 7 | S14: 12 | T14: 5 | U14: 0 | V14: 0 | W14: 0 | X14: 0 | Y14: 0 | Z14: 0 | AA14: 0 | AB14: 0 | AC14: 0 | AD14: 0 | AE14: 0 | AF14: 0 | AG14: 0 | AH14: 0
B15: ILO SQLs | R15: {=TRANSPOSE('ILO Cascade EMESA NORTH'!$B$50:$B$66)} -> 25 | S15: 23 | T15: 40 | U15: 31.5 | V15: 40.95 | W15: 40.95 | X15: 47.25 | Y15: 47.25 | Z15: 53.55 | AA15: 53.55 | AB15: 53.55 | AC15: 53.55 | AD15: 53.55 | AE15: 53.55 | AF15: 53.55 | AG15: 53.55 | AH15: 53.55
B16: Event SQLs | R16: {=TRANSPOSE('Events Cascade EMESA'!$B$50:$B$66)} -> 26 | S16: 10 | T16: 10 | U16: 15 | V16: 15 | W16: 15 | X16: 15 | Y16: 15 | Z16: 15 | AA16: 15 | AB16: 15 | AC16: 15 | AD16: 15 | AE16: 15 | AF16: 15 | AG16: 15 | AH16: 15
B17: Event SQLs | R17: =R16/2 -> 13 | S17: =S16/2 -> 5 | T17: =T16/2 -> 5 | U17: =U16/2 -> 7.5 | V17: =V16/2 -> 7.5 | W17: =W16/2 -> 7.5 | X17: =X16/2 -> 7.5 | Y17: =Y16/2 -> 7.5 | ... AH17: =AH16/2 -> 7.5
B18: TOTAL SQLs | R18: =sum(R13:R16) -> 76 | S18: =sum(S13:S15,S17) -> 58 | T18: =sum(T13:T15,T17) -> 68 | U18: =sum(U13:U15,U17) -> #REF! | V18: =sum(V13:V15,V17) -> #REF! | W18: =sum(W13:W15,W17) -> #REF! | X18: =sum(X13:X15,X17) -> #REF! | Y18: =sum(Y13:Y15,Y17) -> #REF! | Z18: =sum(Z13:Z15,Z17) -> #REF! | ... AH18: =sum(AH13:AH15,AH17) -> #REF!
B19: Outbound Opps | O19: ='Outbound Cascade EMESA NORTH'!K67/2 -> 0.37507353 | P19: ='Outbound Cascade EMESA NORTH'!L67/2 -> 0.37507353 | Q19: ='Outbound Cascade EMESA NORTH'!M67/2 -> 0.37507353 | R19: ='Outbound Cascade EMESA NORTH'!N67 -> 1.017 | S19: ='Outbound Cascade EMESA NORTH'!O67 -> 1.7145 | T19: ='Outbound Cascade EMESA NORTH'!P67 -> 0.858 | U19: ='Outbound Cascade EMESA NORTH'!Q67 -> 0.093 | V19: ='Outbound Cascade EMESA NORTH'!R67 -> 0.0075 | W19: ='Outbound Cascade EMESA NORTH'!S67 -> 0 | X19: ='Outbound Cascade EMESA NORTH'!T67 -> 0 | Y19: ='Outbound Cascade EMESA NORTH'!U67 -> 0 | ... AH19: ='Outbound Cascade EMESA NORTH'!AD67 -> 0
B20: ILO Opps | R20: ='ILO Cascade EMESA NORTH'!N67 -> 11.2625 | S20: ='ILO Cascade EMESA NORTH'!O67 -> 10.449 | T20: ='ILO Cascade EMESA NORTH'!P67 -> 17.1675 | U20: ='ILO Cascade EMESA NORTH'!Q67 -> 14.51925 | V20: ='ILO Cascade EMESA NORTH'!R67 -> 17.997975 | W20: ='ILO Cascade EMESA NORTH'!S67 -> 18.388588 | X20: ='ILO Cascade EMESA NORTH'!T67 -> 20.954819 | Y20: ='ILO Cascade EMESA NORTH'!U67 -> 21.238319 | ... AH20: ='ILO Cascade EMESA NORTH'!AD67 -> 24.0975
B21: Inbound Opps | O21: ='Inbound Cascade EMESA NORTH'!K67 -> 10.577118 | P21: ='Inbound Cascade EMESA NORTH'!L67 -> 10.139576 | Q21: ='Inbound Cascade EMESA NORTH'!M67 -> 9.6084706 | R21: ='Inbound Cascade EMESA NORTH'!N67 -> 9.0648 | S21: ='Inbound Cascade EMESA NORTH'!O67 -> 9.0054 | T21: ='Inbound Cascade EMESA NORTH'!P67 -> 9 | U21: ='Inbound Cascade EMESA NORTH'!Q67 -> #REF! | V21: ='Inbound Cascade EMESA NORTH'!R67 -> #REF! | ... AH21: ='Inbound Cascade EMESA NORTH'!AD67 -> #REF!
B22: Event Opps | O22: ='Events Cascade EMESA'!K67/2 -> 0 | P22: ='Events Cascade EMESA'!L67/2 -> 0 | Q22: ='Events Cascade EMESA'!M67/2 -> 0 | R22: ='Events Cascade EMESA'!N67/2 -> 1.7355 | S22: ='Events Cascade EMESA'!O67 -> 1.725 | T22: ='Events Cascade EMESA'!P67 -> 1.524 | U22: ='Events Cascade EMESA'!Q67 -> 2.1675 | V22: ='Events Cascade EMESA'!R67 -> 2.2425 | W22: ='Events Cascade EMESA'!S67 -> 2.2504412 | X22: ='Events Cascade EMESA'!T67 -> 2.2504412 | Y22: ='Events Cascade EMESA'!U67 -> 2.2504412 | Z22: ='Events Cascade EMESA'!V67 -> 2.2504412 | ... AH22: ='Events Cascade EMESA'!AD67 -> 2.25
B23: Partner Opps | O23: ='Partner Cascade EMESA NORTH'!K67 -> 7 | P23: ='Partner Cascade EMESA NORTH'!L67 -> 2 | Q23: ='Partner Cascade EMESA NORTH'!M67 -> 2 | R23: ='Partner Cascade EMESA NORTH'!N67 -> 0 | S23: ='Partner Cascade EMESA NORTH'!O67 -> 1 | T23: ='Partner Cascade EMESA NORTH'!P67 -> 1 | U23: ='Partner Cascade EMESA NORTH'!Q67 -> 2.1666667 | V23: ='Partner Cascade EMESA NORTH'!R67 -> 2.2316667 | ... AH23: ='Partner Cascade EMESA NORTH'!AD67 -> 5.0261409
A24: Total EMESA N OCR | O24: =sum(O19:O23) -> 17.952191 | P24: =sum(P19:P23) -> 12.51465 | Q24: =sum(Q19:Q23) -> 11.983544 | R24: =sum(R19:R23) -> 23.0798 | S24: =sum(S19:S23) -> 23.8939 | T24: =sum(T19:T23) -> 29.5495 | U24: =sum(U19:U23) -> #REF! | V24: =sum(V19:V23) -> #REF! | ... AH24: =sum(AH19:AH23) -> #REF!
A25: EMESA S | B25: Inbound SQLs | R25: {=TRANSPOSE('Inbound Cascade EMESA SOUTH'!$B$50:$B$66)} -> 18 | S25: 18 | T25: 24 | U25: #REF! | V25: #REF! | W25: #REF! | X25: #REF! | Y25: #REF! | Z25: #REF! | AA25: #REF! | AB25: #REF! | AC25: #REF! | AD25: #REF! | AE25: #REF! | AF25: #REF! | AG25: #REF! | AH25: #REF!
B26: Outbound SQLs | R26: {=TRANSPOSE('Outbound Cascade EMESA SOUTH'!$B$50:$B$66)} -> 4 | S26: 4 | T26: 1 | U26: 4 | V26: 0 | W26: 0 | X26: 0 | Y26: 0 | Z26: 0 | AA26: 0 | AB26: 0 | AC26: 0 | AD26: 0 | AE26: 0 | AF26: 0 | AG26: 0 | AH26: 0
B27: ILO SQLs | R27: {=TRANSPOSE('ILO Cascade EMESA SOUTH'!$B$50:$B$66)} -> 19 | S27: 19 | T27: 21 | U27: 20 | V27: 26 | W27: 26 | X27: 30 | Y27: 30 | Z27: 34 | AA27: 34 | AB27: 34 | AC27: 34 | AD27: 34 | AE27: 34 | AF27: 34 | AG27: 34 | AH27: 34
B28: Event SQLs | R28: {=TRANSPOSE('Events Cascade EMESA'!$B$50:$B$66)} -> 26 | S28: 10 | T28: 10 | U28: 15 | V28: 15 | W28: 15 | X28: 15 | Y28: 15 | Z28: 15 | AA28: 15 | AB28: 15 | AC28: 15 | AD28: 15 | AE28: 15 | AF28: 15 | AG28: 15 | AH28: 15
B29: Event SQLs | R29: =R28/2 -> 13 | S29: =S28/2 -> 5 | T29: =T28/2 -> 5 | U29: =U28/2 -> 7.5 | V29: =V28/2 -> 7.5 | W29: =W28/2 -> 7.5 | X29: =X28/2 -> 7.5 | Y29: =Y28/2 -> 7.5 | ... AH29: =AH28/2 -> 7.5
B30: TOTAL SQLs | R30: =sum(R25:R28) -> 67 | S30: =sum(S25:S27,S29) -> 46 | T30: =sum(T25:T27,T29) -> 51 | U30: =sum(U25:U27,U29) -> #REF! | V30: =sum(V25:V27,V29) -> #REF! | W30: =sum(W25:W27,W29) -> #REF! | X30: =sum(X25:X27,X29) -> #REF! | Y30: =sum(Y25:Y27,Y29) -> #REF! | Z30: =sum(Z25:Z27,Z29) -> #REF! | ... AH30: =sum(AH25:AH27,AH29) -> #REF!
B31: Outbound Opps | O31: ='Outbound Cascade EMESA NORTH'!K76/2 -> 0 | P31: ='Outbound Cascade EMESA NORTH'!L76/2 -> 0 | Q31: ='Outbound Cascade EMESA NORTH'!M76/2 -> 0 | R31: ='Outbound Cascade EMESA SOUTH'!N67 -> 0.6 | S31: ='Outbound Cascade EMESA SOUTH'!O67 -> 0.6 | T31: ='Outbound Cascade EMESA SOUTH'!P67 -> 0.1995 | U31: ='Outbound Cascade EMESA SOUTH'!Q67 -> 0.555 | V31: ='Outbound Cascade EMESA SOUTH'!R67 -> 0.0615 | W31: ='Outbound Cascade EMESA SOUTH'!S67 -> 0.006 | X31: ='Outbound Cascade EMESA SOUTH'!T67 -> 0 | Y31: ='Outbound Cascade EMESA SOUTH'!U67 -> 0 | ... AH31: ='Outbound Cascade EMESA SOUTH'!AD67 -> 0
B32: ILO Opps | R32: ='ILO Cascade EMESA SOUTH'!N67 -> 8.532 | S32: ='ILO Cascade EMESA SOUTH'!O67 -> 8.55 | T32: ='ILO Cascade EMESA SOUTH'!P67 -> 9.351 | U32: ='ILO Cascade EMESA SOUTH'!Q67 -> 9.0405 | V32: ='ILO Cascade EMESA SOUTH'!R67 -> 11.4075 | W32: ='ILO Cascade EMESA SOUTH'!S67 -> 11.675294 | X32: ='ILO Cascade EMESA SOUTH'!T67 -> 13.304647 | Y32: ='ILO Cascade EMESA SOUTH'!U67 -> 13.484647 | ... AH32: ='ILO Cascade EMESA SOUTH'!AD67 -> 15.3
B33: Inbound Opps | O33: ='Inbound Cascade EMESA NORTH'!K76 | P33: ='Inbound Cascade EMESA NORTH'!L76 | Q33: ='Inbound Cascade EMESA NORTH'!M76 | R33: ='Inbound Cascade EMESA SOUTH'!N67 -> 9.0648 | S33: ='Inbound Cascade EMESA SOUTH'!O67 -> 9.0054 | T33: ='Inbound Cascade EMESA SOUTH'!P67 -> 11.67 | U33: ='Inbound Cascade EMESA SOUTH'!Q67 -> #REF! | V33: ='Inbound Cascade EMESA SOUTH'!R67 -> #REF! | W33: ='Inbound Cascade EMESA SOUTH'!S67 -> #REF! | X33: ='Inbound Cascade EMESA SOUTH'!T67 -> #REF! | Y33: ='Inbound Cascade EMESA SOUTH'!U67 -> #REF! | ... AH33: ='Inbound Cascade EMESA SOUTH'!AD67 -> #REF!
B34: Event Opps | O34: ='Events Cascade EMESA'!K76/2 -> 0 | P34: ='Events Cascade EMESA'!L76/2 -> 0 | Q34: ='Events Cascade EMESA'!M76/2 -> 0 | R34: ='Events Cascade EMESA'!N67/2 -> 1.7355 | S34: ='Events Cascade EMESA'!O67/2 -> 0.8625 | T34: ='Events Cascade EMESA'!P67/2 -> 0.762 | U34: ='Events Cascade EMESA'!Q67/2 -> 1.08375 | V34: ='Events Cascade EMESA'!R67/2 -> 1.12125 | W34: ='Events Cascade EMESA'!S67/2 -> 1.1252206 | X34: ='Events Cascade EMESA'!T67/2 -> 1.1252206 | Y34: ='Events Cascade EMESA'!U67/2 -> 1.1252206 | ... AH34: ='Events Cascade EMESA'!AD67/2 -> 1.125
B35: Partner Opps | O35: ='Partner Cascade EMESA NORTH'!K76 | P35: ='Partner Cascade EMESA NORTH'!L76 | Q35: ='Partner Cascade EMESA NORTH'!M76 | R35: ='Partner Cascade EMESA SOUTH'!N67 -> 1 | S35: ='Partner Cascade EMESA SOUTH'!O67 -> 0 | T35: ='Partner Cascade EMESA SOUTH'!P67 -> 2 | U35: ='Partner Cascade EMESA SOUTH'!Q67 -> 3.75 | V35: ='Partner Cascade EMESA SOUTH'!R67 -> 3.8625 | W35: ='Partner Cascade EMESA SOUTH'!S67 -> 4.132875 | X35: ='Partner Cascade EMESA SOUTH'!T67 -> 4.4221762 | Y35: ='Partner Cascade EMESA SOUTH'!U67 -> 4.7317286 | ... AH35: ='Partner Cascade EMESA SOUTH'!AD67 -> 8.69909
A36: Total EMESA S OCR | O36: =sum(O31:O35) -> 0 | P36: =sum(P31:P35) -> 0 | Q36: =sum(Q31:Q35) -> 0 | R36: =sum(R31:R35) -> 20.9323 | S36: =sum(S31:S35) -> 19.0179 | T36: =sum(T31:T35) -> 23.9825 | U36: =sum(U31:U35) -> #REF! | V36: =sum(V31:V35) -> #REF! | ... AH36: =sum(AH31:AH35) -> #REF!
A37: Total OCR | C37: =SUM(C7:C10) -> 0 | D37: =SUM(D7:D10) -> 0 | E37: =SUM(E7:E10) -> 0 | F37: =SUM(F7:F10) -> 0 | G37: =SUM(G7:G10) -> 0 | H37: =SUM(H7:H10) -> 0 | I37: =SUM(I7:I10) -> 0 | J37: =SUM(J7:J10) -> 0 | ... N37: =SUM(N7:N10) -> 9.7512618 | O37: =O24+O12 -> 26.832112 | P37: =P24+P12 -> 21.657629 | Q37: =Q24+Q12 -> 23.892971 | R37: =R24+R12 -> 47.5676 | S37: =S24+S12 -> 51.9504 | T37: =T24+T12 -> 58.058 | U37: =U24+U12+U36 -> #REF! | V37: =V24+V12+V36 -> #REF! | W37: =W24+W12+W36 -> #REF! | X37: =X24+X12+X36 -> #REF! | Y37: =Y24+Y12+Y36 -> #REF! | Z37: =Z24+Z12+Z36 -> #REF! | AA37: =AA24+AA12+AA36 -> #REF! | AB37: =AB24+AB12+AB36 -> #REF! | ... AH37: =AH24+AH12+AH36 -> #REF!
A38: NORAM | B38: Outbound Opps | C38: ='Outbound Cascade EMESA NORTH'!AG68 -> 0 | D38: ='Outbound Cascade EMESA NORTH'!AH68 -> 0 | E38: ='Outbound Cascade EMESA NORTH'!AI68 -> 0 | F38: ='Outbound Cascade EMESA NORTH'!AJ68 -> 0 | G38: ='Outbound Cascade EMESA NORTH'!AK68 -> 0 | H38: ='Outbound Cascade EMESA NORTH'!AL68 -> 0 | I38: ='Outbound Cascade EMESA NORTH'!AM68 -> 0 | J38: ='Outbound Cascade EMESA NORTH'!AN68 -> 0 | K38: ='Outbound Cascade EMESA NORTH'!AO68/2 -> 0.046735294 | L38: ='Outbound Cascade EMESA NORTH'!AP68/2 -> 0.16214706 | M38: ='Outbound Cascade EMESA NORTH'!AQ68/2 -> 0.25850294 | N38: ='Outbound Cascade EMESA NORTH'!AR68/2 -> 0.31918897 | O38: ='Outbound Cascade EMESA NORTH'!AS68/2 -> 0.34911912 | P38: ='Outbound Cascade EMESA NORTH'!AT68/2 -> 0.36565956 | Q38: ='Outbound Cascade EMESA NORTH'!AU68/2 -> 0.37409853 | R38: ='Outbound Cascade NORAM'!AV68 -> 1.0339706 | S38: ='Outbound Cascade NORAM'!AW68 -> 1.5195876 | T38: ='Outbound Cascade NORAM'!AX68 -> 1.9775897 | U38: ='Outbound Cascade NORAM'!AY68 -> 1.7302824 | V38: ='Outbound Cascade NORAM'!AZ68 -> 1.1246426 | W38: ='Outbound Cascade NORAM'!BA68 -> 0.59724588 | X38: ='Outbound Cascade NORAM'!BB68 -> 0.297525 | Y38: ='Outbound Cascade NORAM'!BC68 -> 0.14106 | ... AH38: ='Outbound Cascade NORAM'!BL68 -> 0
B39: ILO Opps | R39: ='ILO Cascade NORAM'!AV68 -> 4.360251 | S39: ='ILO Cascade NORAM'!AW68 -> 5.9784478 | T39: ='ILO Cascade NORAM'!AX68 -> 7.6398196 | U39: ='ILO Cascade NORAM'!AY68 -> 8.613782 | V39: ='ILO Cascade NORAM'!AZ68 -> 9.7627366 | W39: ='ILO Cascade NORAM'!BA68 -> 11.485649 | X39: ='ILO Cascade NORAM'!BB68 -> 13.122923 | Y39: ='ILO Cascade NORAM'!BC68 -> 14.594166 | ... AH39: ='ILO Cascade NORAM'!BL68 -> 18.742721
B40: Inbound Opps | K40: ='Inbound Cascade NORAM'!AN68 -> 7.8794428 | L40: ='Inbound Cascade NORAM'!AO68 -> 9.9017073 | M40: ='Inbound Cascade NORAM'!AP68 -> 11.36567 | N40: ='Inbound Cascade NORAM'!AQ68 -> 11.653469 | O40: ='Inbound Cascade NORAM'!AR68 -> 11.417128 | P40: ='Inbound Cascade NORAM'!AS68 -> 10.448626 | Q40: ='Inbound Cascade NORAM'!AT68 -> 9.5195602 | R40: ='Inbound Cascade NORAM'!AV68 -> 10.032889 | S40: ='Inbound Cascade NORAM'!AW68 -> 10.874126 | T40: ='Inbound Cascade NORAM'!AX68 -> 11.866924 | U40: ='Inbound Cascade NORAM'!AY68 -> #REF! | V40: ='Inbound Cascade NORAM'!AZ68 -> #REF! | W40: ='Inbound Cascade NORAM'!BA68 -> #REF! | X40: ='Inbound Cascade NORAM'!BB68 -> #REF! | Y40: ='Inbound Cascade NORAM'!BC68 -> #REF! | ... AH40: ='Inbound Cascade NORAM'!BL68 -> #REF!
B41: Event Opps | K41: ='Events Cascade EMESA'!AO68/2 -> 0 | L41: ='Events Cascade EMESA'!AP68/2 -> 0 | M41: ='Events Cascade EMESA'!AQ68/2 -> 0 | N41: ='Events Cascade EMESA'!AR68/2 -> 0 | O41: ='Events Cascade EMESA'!AS68/2 -> 0 | P41: ='Events Cascade EMESA'!AT68/2 -> 0 | Q41: ='Events Cascade EMESA'!AU68/2 -> 0 | R41: ='Events Cascade EMESA'!AV68/2 -> 0.24297 | S41: ='Events Cascade NORAM'!AW68 -> 1.38693 | T41: ='Events Cascade NORAM'!AX68 -> 1.65036 | U41: ='Events Cascade NORAM'!AY68 -> 1.75827 | V41: ='Events Cascade NORAM'!AZ68 -> 1.911945 | W41: ='Events Cascade NORAM'!BA68 -> 2.0851518 | X41: ='Events Cascade NORAM'!BB68 -> 2.1885574 | Y41: ='Events Cascade NORAM'!BC68 -> 2.2038776 | Z41: ='Events Cascade NORAM'!BD68 -> 2.2320388 | ... AH41: ='Events Cascade NORAM'!BL68 -> 2.2500265
B42: Partner Opps | K42: ='Partner Cascade NORAM'!AO68 -> 1.86 | L42: ='Partner Cascade NORAM'!AP68 -> 1.58 | M42: ='Partner Cascade NORAM'!AQ68 -> 1.9 | N42: ='Partner Cascade NORAM'!AR68 -> 2.29 | O42: ='Partner Cascade NORAM'!AS68 -> 2.41 | P42: ='Partner Cascade NORAM'!AT68 -> 1.69 | Q42: ='Partner Cascade NORAM'!AU68 -> 1.19 | R42: ='Partner Cascade NORAM'!AV68 -> 0.67 | ... AH42: ='Partner Cascade NORAM'!BL68 -> 5.9759508
A43: TOTAL NORAM OWR | K43: =sum(K38:K42) -> 9.7861781 | L43: =sum(L38:L42) -> 11.643854 | M43: =sum(M38:M42) -> 13.524173 | N43: =sum(N38:N42) -> 14.262658 | O43: =sum(O38:O42) -> 14.176247 | P43: =sum(P38:P42) -> 12.504286 | Q43: =sum(Q38:Q42) -> 11.083659 | R43: =sum(R38:R42) -> 16.340081 | ... AH43: =sum(AH38:AH42) -> #REF!
A44: ACTUAL | S44: 25 | T44: 24
A45: TOTAL NORAM UPSELL OWR | K45: 0 | L45: 1 | M45: 2 | N45: 1 | O45: 0 | P45: 0 | Q45: 4 | R45: 1 | S45: 2 | T45: 4 | U45: =average($S$45:$T$45)/average($S$114:$T$114)*U114 -> #REF! | V45: =average($S$45:$T$45)/average($S$114:$T$114)*V114 -> #REF! | W45: =average($S$45:$T$45)/average($S$114:$T$114)*W114 -> #REF! | X45: =average($S$45:$T$45)/average($S$114:$T$114)*X114 -> #REF! | Y45: =average($S$45:$T$45)/average($S$114:$T$114)*Y114 -> #REF! | Z45: =average($S$45:$T$45)/average($S$114:$T$114)*Z114 -> #REF! | AA45: =average($S$45:$T$45)/average($S$114:$T$114)*AA114 -> #REF! | AB45: =average($S$45:$T$45)/average($S$114:$T$114)*AB114 -> #REF! | ... AH45: =average($S$45:$T$45)/average($S$114:$T$114)*AH114 -> #REF!
A46: EMESA N | B46: Outbound Opps | K46: ='Outbound Cascade EMESA NORTH'!AO68/2 -> 0.046735294 | L46: ='Outbound Cascade EMESA NORTH'!AP68/2 -> 0.16214706 | M46: ='Outbound Cascade EMESA NORTH'!AQ68/2 -> 0.25850294 | N46: ='Outbound Cascade EMESA NORTH'!AR68/2 -> 0.31918897 | O46: ='Outbound Cascade EMESA NORTH'!AS68/2 -> 0.34911912 | P46: ='Outbound Cascade EMESA NORTH'!AT68/2 -> 0.36565956 | Q46: ='Outbound Cascade EMESA NORTH'!AU68/2 -> 0.37409853 | R46: ='Outbound Cascade EMESA NORTH'!AV68 -> 0.78735647 | S46: ='Outbound Cascade EMESA NORTH'!AW68 -> 0.97321794 | T46: ='Outbound Cascade EMESA NORTH'!AX68 -> 1.1501962 | U46: ='Outbound Cascade EMESA NORTH'!AY68 -> 0.97485412 | V46: ='Outbound Cascade EMESA NORTH'!AZ68 -> 0.61961382 | W46: ='Outbound Cascade EMESA NORTH'!BA68 -> 0.33012294 | X46: ='Outbound Cascade EMESA NORTH'!BB68 -> 0.164805 | Y46: ='Outbound Cascade EMESA NORTH'!BC68 -> 0.076245 | ... AH46: ='Outbound Cascade EMESA NORTH'!BL68 -> 0
B47: ILO Opps | R47: ='ILO Cascade EMESA NORTH'!AV68 -> 9.2027172 | S47: ='ILO Cascade EMESA NORTH'!AW68 -> 10.213298 | T47: ='ILO Cascade EMESA NORTH'!AX68 -> 11.412245 | U47: ='ILO Cascade EMESA NORTH'!AY68 -> 13.351542 | V47: ='ILO Cascade EMESA NORTH'!AZ68 -> 14.644256 | W47: ='ILO Cascade EMESA NORTH'!BA68 -> 16.126896 | X47: ='ILO Cascade EMESA NORTH'!BB68 -> 17.524225 | Y47: ='ILO Cascade EMESA NORTH'!BC68 -> 19.097326 | ... AH47: ='ILO Cascade EMESA NORTH'!BL68 -> 24.097783
B48: Inbound Opps | K48: ='Inbound Cascade EMESA NORTH'!AN68 -> 6.1577449 | L48: ='Inbound Cascade EMESA NORTH'!AO68 -> 7.7439184 | M48: ='Inbound Cascade EMESA NORTH'!AP68 -> 8.9319713 | N48: ='Inbound Cascade EMESA NORTH'!AQ68 -> 9.3372205 | O48: ='Inbound Cascade EMESA NORTH'!AR68 -> 9.4854985 | P48: ='Inbound Cascade EMESA NORTH'!AS68 -> 9.4523029 | Q48: ='Inbound Cascade EMESA NORTH'!AT68 -> 9.8157671 | R48: ='Inbound Cascade EMESA NORTH'!AV68 -> 9.7457072 | S48: ='Inbound Cascade EMESA NORTH'!AW68 -> 9.4621789 | T48: ='Inbound Cascade EMESA NORTH'!AX68 -> 9.2474615 | U48: ='Inbound Cascade EMESA NORTH'!AY68 -> #REF! | V48: ='Inbound Cascade EMESA NORTH'!AZ68 -> #REF! | W48: ='Inbound Cascade EMESA NORTH'!BA68 -> #REF! | X48: ='Inbound Cascade EMESA NORTH'!BB68 -> #REF! | Y48: ='Inbound Cascade EMESA NORTH'!BC68 -> #REF! | ... AH48: ='Inbound Cascade EMESA NORTH'!BL68 -> #REF!
B49: Event Opps | C49: =SUM(C38:C41) -> 0 | D49: =SUM(D38:D41) -> 0 | E49: =SUM(E38:E41) -> 0 | F49: =SUM(F38:F41) -> 0 | G49: =SUM(G38:G41) -> 0 | H49: =SUM(H38:H41) -> 0 | I49: =SUM(I38:I41) -> 0 | J49: =SUM(J38:J41) -> 0 | K49: ='Events Cascade EMESA'!AO68/2 -> 0 | L49: ='Events Cascade EMESA'!AP68/2 -> 0 | M49: ='Events Cascade EMESA'!AQ68/2 -> 0 | N49: ='Events Cascade EMESA'!AR68/2 -> 0 | O49: ='Events Cascade EMESA'!AS68/2 -> 0 | P49: ='Events Cascade EMESA'!AT68/2 -> 0 | Q49: ='Events Cascade EMESA'!AU68/2 -> 0 | R49: ='Events Cascade EMESA'!AV68/2 -> 0.24297 | S49: ='Events Cascade EMESA'!AW68 -> 1.38693 | T49: ='Events Cascade EMESA'!AX68 -> 1.65036 | U49: ='Events Cascade EMESA'!AY68 -> 1.75827 | V49: ='Events Cascade EMESA'!AZ68 -> 1.911945 | W49: ='Events Cascade EMESA'!BA68 -> 2.0851518 | X49: ='Events Cascade EMESA'!BB68 -> 2.1885574 | Y49: ='Events Cascade EMESA'!BC68 -> 2.2038776 | Z49: ='Events Cascade EMESA'!BD68 -> 2.2320388 | ... AH49: ='Events Cascade EMESA'!BL68 -> 2.2500265
B50: Partner Opps | K50: ='Partner Cascade EMESA NORTH'!AO68 -> 5.95 | L50: ='Partner Cascade EMESA NORTH'!AP68 -> 4.8 | M50: ='Partner Cascade EMESA NORTH'!AQ68 -> 4.45 | N50: ='Partner Cascade EMESA NORTH'!AR68 -> 4.96 | O50: ='Partner Cascade EMESA NORTH'!AS68 -> 5.5 | P50: ='Partner Cascade EMESA NORTH'!AT68 -> 5.44 | Q50: ='Partner Cascade EMESA NORTH'!AU68 -> 4.19 | R50: ='Partner Cascade EMESA NORTH'!AV68 -> 2.93 | ... AH50: ='Partner Cascade EMESA NORTH'!BL68 -> 4.4454434
A51: Total EMESA N OWR | K51: =SUM(K46:K50) -> 12.15448 | L51: =SUM(L46:L50) -> 12.706065 | M51: =SUM(M46:M50) -> 13.640474 | N51: =SUM(N46:N50) -> 14.616409 | O51: =SUM(O46:O50) -> 15.334618 | P51: =SUM(P46:P50) -> 15.257962 | Q51: =SUM(Q46:Q50) -> 14.379866 | R51: =SUM(R46:R50) -> 22.908751 | ... AH51: =SUM(AH46:AH50) -> #REF!
A52: ACTUAL | S52: 35 | T52: 27
A53: TOTAL EMESA N UPSELL OWR | K53: 9 | L53: 5 | M53: 7 | N53: 21 | O53: 9 | P53: 7 | Q53: 6 | R53: 6 | S53: 5 | T53: 8 | U53: =average($S$53:$T$53)/average($S$115:$T$115)*U115 -> #REF! | V53: =average($S$53:$T$53)/average($S$115:$T$115)*V115 -> #REF! | W53: =average($S$53:$T$53)/average($S$115:$T$115)*W115 -> #REF! | X53: =average($S$53:$T$53)/average($S$115:$T$115)*X115 -> #REF! | Y53: =average($S$53:$T$53)/average($S$115:$T$115)*Y115 -> #REF! | Z53: =average($S$53:$T$53)/average($S$115:$T$115)*Z115 -> #REF! | AA53: =average($S$53:$T$53)/average($S$115:$T$115)*AA115 -> #REF! | AB53: =average($S$53:$T$53)/average($S$115:$T$115)*AB115 -> #REF! | ... AH53: =average($S$53:$T$53)/average($S$115:$T$115)*AH115 -> #REF!
A54: EMESA S | B54: Outbound Opps | K54: ='Outbound Cascade EMESA NORTH'!AO74/2 -> 0 | L54: ='Outbound Cascade EMESA NORTH'!AP74/2 -> 0 | M54: ='Outbound Cascade EMESA NORTH'!AQ74/2 -> 0 | N54: ='Outbound Cascade EMESA NORTH'!AR74/2 -> 0 | O54: ='Outbound Cascade EMESA NORTH'!AS74/2 -> 0 | P54: ='Outbound Cascade EMESA NORTH'!AT74/2 -> 0 | Q54: ='Outbound Cascade EMESA NORTH'!AU74/2 -> 0 | R54: ='Outbound Cascade EMESA SOUTH'!AV68 -> 0.51068588 | S54: ='Outbound Cascade EMESA SOUTH'!AW68 -> 0.55853529 | T54: ='Outbound Cascade EMESA SOUTH'!AX68 -> 0.52890059 | U54: ='Outbound Cascade EMESA SOUTH'!AY68 -> 0.45999029 | V54: ='Outbound Cascade EMESA SOUTH'!AZ68 -> 0.40952206 | W54: ='Outbound Cascade EMESA SOUTH'!BA68 -> 0.26781235 | X54: ='Outbound Cascade EMESA SOUTH'!BB68 -> 0.15057 | Y54: ='Outbound Cascade EMESA SOUTH'!BC68 -> 0.069555 | ... AH54: ='Outbound Cascade EMESA SOUTH'!BL68 -> 0
B55: ILO Opps | R55: ='ILO Cascade EMESA SOUTH'!AV68 -> 6.6026539 | S55: ='ILO Cascade EMESA SOUTH'!AW68 -> 7.5548453 | T55: ='ILO Cascade EMESA SOUTH'!AX68 -> 8.2155743 | U55: ='ILO Cascade EMESA SOUTH'!AY68 -> 8.7159065 | V55: ='ILO Cascade EMESA SOUTH'!AZ68 -> 9.2628885 | W55: ='ILO Cascade EMESA SOUTH'!BA68 -> 10.168375 | X55: ='ILO Cascade EMESA SOUTH'!BB68 -> 11.090658 | Y55: ='ILO Cascade EMESA SOUTH'!BC68 -> 12.086208 | ... AH55: ='ILO Cascade EMESA SOUTH'!BL68 -> 15.30018
B56: Inbound Opps | K56: ='Inbound Cascade EMESA NORTH'!AN74 | L56: ='Inbound Cascade EMESA NORTH'!AO74 | M56: ='Inbound Cascade EMESA NORTH'!AP74 | N56: ='Inbound Cascade EMESA NORTH'!AQ74 | O56: ='Inbound Cascade EMESA NORTH'!AR74 | P56: ='Inbound Cascade EMESA NORTH'!AS74 | Q56: ='Inbound Cascade EMESA NORTH'!AT74 | R56: ='Inbound Cascade EMESA SOUTH'!AV68 -> 9.7457072 | S56: ='Inbound Cascade EMESA SOUTH'!AW68 -> 9.4621789 | T56: ='Inbound Cascade EMESA SOUTH'!AX68 -> 9.6212615 | U56: ='Inbound Cascade EMESA SOUTH'!AY68 -> #REF! | V56: ='Inbound Cascade EMESA SOUTH'!AZ68 -> #REF! | W56: ='Inbound Cascade EMESA SOUTH'!BA68 -> #REF! | X56: ='Inbound Cascade EMESA SOUTH'!BB68 -> #REF! | Y56: ='Inbound Cascade EMESA SOUTH'!BC68 -> #REF! | ... AH56: ='Inbound Cascade EMESA SOUTH'!BL68 -> #REF!
B57: Event Opps | C57: =SUM(C46:C49) -> 0 | D57: =SUM(D46:D49) -> 0 | E57: =SUM(E46:E49) -> 0 | F57: =SUM(F46:F49) -> 0 | G57: =SUM(G46:G49) -> 0 | H57: =SUM(H46:H49) -> 0 | I57: =SUM(I46:I49) -> 0 | J57: =SUM(J46:J49) -> 0 | K57: ='Events Cascade EMESA'!AO74/2 -> 0 | L57: ='Events Cascade EMESA'!AP74/2 -> 0 | M57: ='Events Cascade EMESA'!AQ74/2 -> 0 | N57: ='Events Cascade EMESA'!AR74/2 -> 0 | O57: ='Events Cascade EMESA'!AS74/2 -> 0 | P57: ='Events Cascade EMESA'!AT74/2 -> 0 | Q57: ='Events Cascade EMESA'!AU74/2 -> 0 | R57: ='Events Cascade EMESA'!AV74/2 -> 0 | ... AH57: ='Events Cascade EMESA'!BL74/2 -> 0
B58: Partner Opps | K58: ='Partner Cascade EMESA NORTH'!AO74 | L58: ='Partner Cascade EMESA NORTH'!AP74 | M58: ='Partner Cascade EMESA NORTH'!AQ74 | N58: ='Partner Cascade EMESA NORTH'!AR74 | O58: ='Partner Cascade EMESA NORTH'!AS74 | P58: ='Partner Cascade EMESA NORTH'!AT74 | Q58: ='Partner Cascade EMESA NORTH'!AU74 | R58: ='Partner Cascade EMESA SOUTH'!AV68 -> 10.27 | S58: ='Partner Cascade EMESA SOUTH'!AW68 -> 6.7 | T58: ='Partner Cascade EMESA SOUTH'!AX68 -> 3.95 | U58: ='Partner Cascade EMESA SOUTH'!AY68 -> 2.995 | V58: ='Partner Cascade EMESA SOUTH'!AZ68 -> 3.10825 | W58: ='Partner Cascade EMESA SOUTH'!BA68 -> 3.3707275 | X58: ='Partner Cascade EMESA SOUTH'!BB68 -> 3.6710784 | Y58: ='Partner Cascade EMESA SOUTH'!BC68 -> 4.0768539 | ... AH58: ='Partner Cascade EMESA SOUTH'!BL68 -> 7.6940366
A59: Total EMESA S OWR | K59: =SUM(K54:K58) -> 0 | L59: =SUM(L54:L58) -> 0 | M59: =SUM(M54:M58) -> 0 | N59: =SUM(N54:N58) -> 0 | O59: =SUM(O54:O58) -> 0 | P59: =SUM(P54:P58) -> 0 | Q59: =SUM(Q54:Q58) -> 0 | R59: =SUM(R54:R58) -> 27.129047 | ... AH59: =SUM(AH54:AH58) -> #REF!
S60: 33 | T60: 24
A61: TOTAL EMESA S UPSELL OWR | K61: 9 | L61: 5 | M61: 7 | N61: 21 | O61: 9 | P61: 7 | Q61: 6 | R61: 6 | S61: 12 | T61: 13 | U61: =average($S$61:$T$61)/average($S$116:$T$116)*U116 -> #REF! | V61: =average($S$61:$T$61)/average($S$116:$T$116)*V116 -> #REF! | W61: =average($S$61:$T$61)/average($S$116:$T$116)*W116 -> #REF! | X61: =average($S$61:$T$61)/average($S$116:$T$116)*X116 -> #REF! | Y61: =average($S$61:$T$61)/average($S$116:$T$116)*Y116 -> #REF! | Z61: =average($S$61:$T$61)/average($S$116:$T$116)*Z116 -> #REF! | AA61: =average($S$61:$T$61)/average($S$116:$T$116)*AA116 -> #REF! | AB61: =average($S$61:$T$61)/average($S$116:$T$116)*AB116 -> #REF! | ... AH61: =average($S$61:$T$61)/average($S$116:$T$116)*AH116 -> #REF!
A62: Total OWR | O62: =O51+O43+O45+O53 -> 38.510864 | P62: =P51+P43+P45+P53 -> 34.762248 | Q62: =Q51+Q43+Q45+Q53 -> 35.463524 | R62: =R51+R43+R45+R53 -> 46.248831 | S62: =S51+S43+S45+S53+S61+S59 -> 87.350276 | T62: =T51+T43+T45+T53 -> 60.524957 | U62: =U51+U43+U45+U53+U59+U61 -> #REF! | V62: =V51+V43+V45+V53 -> #REF! | W62: =W51+W43+W45+W53 -> #REF! | X62: =X51+X43+X45+X53 -> #REF! | Y62: =Y51+Y43+Y45+Y53 -> #REF! | Z62: =Z51+Z43+Z45+Z53 -> #REF! | AA62: =AA51+AA43+AA45+AA53 -> #REF! | AB62: =AB51+AB43+AB45+AB53 -> #REF! | AC62: =AC51+AC43+AC45+AC53 -> #REF! | ... AH62: =AH51+AH43+AH45+AH53 -> #REF!
A63: Average ACV NORAM NEW | C63: 35000 | D63: 35000 | E63: 35000 | F63: 35000 | G63: 35000 | H63: 35000 | I63: 45000 | J63: 45000 | R63: 110000 | S63: 62763 | T63: 216058 | U63: 115000 | V63: 115000 | W63: 115000 | X63: 115000 | Y63: 115000 | Z63: 115000 | AA63: 115000 | AB63: 115000 | AC63: 115000 | AD63: 115000 | AE63: 115000 | AF63: 115000 | AG63: 115000 | AH63: 115000
A64: Average ACV EMESA N NEW | C64: 35000 | D64: 35000 | E64: 35000 | F64: 35000 | G64: 35000 | H64: 35000 | I64: 45000 | J64: 45000 | R64: 70000 | S64: 81223.714 | T64: 75083.333 | U64: 75000 | V64: 80000 | W64: 80000 | X64: 80000 | Y64: 80000 | Z64: 80000 | AA64: 80000 | AB64: 80000 | AC64: 80000 | AD64: 80000 | AE64: 80000 | AF64: 80000 | AG64: 80000 | AH64: 80000
A65: Average ACV EMESA S NEW | C65: 35000 | D65: 35000 | E65: 35000 | F65: 35000 | G65: 35000 | H65: 35000 | I65: 45000 | J65: 45000 | R65: 70000 | S65: 58845.417 | T65: 70856.83 | U65: 75000 | V65: 80000 | W65: 80000 | X65: 80000 | Y65: 80000 | Z65: 80000 | AA65: 80000 | AB65: 80000 | AC65: 80000 | AD65: 80000 | AE65: 80000 | AF65: 80000 | AG65: 80000 | AH65: 80000
A66: Average ACV NORAM UPSELL | C66: 35000 | D66: 35000 | E66: 35000 | F66: 35000 | G66: 35000 | H66: 35000 | I66: 45000 | J66: 45000 | K66: 0 | L66: 49186 | M66: 54416 | N66: 30000 | O66: 0 | P66: 0 | Q66: 102675 | R66: =average($K$66:$Q$66) -> 33753.857 | S66: =average($K$66:$Q$66)+10000 -> 43753.857 | T66: =average($K$66:$Q$66)+10000 -> 43753.857 | U66: =average($K$66:$Q$66)+10000 -> 43753.857 | V66: =average($K$66:$Q$66)+10000 -> 43753.857 | W66: =average($K$66:$Q$66)+10000 -> 43753.857 | X66: =average($K$66:$Q$66)+10000 -> 43753.857 | Y66: =average($K$66:$Q$66)+10000 -> 43753.857 | Z66: =average($K$66:$Q$66)+10000 -> 43753.857 | ... AH66: =average($K$66:$Q$66)+10000 -> 43753.857
A67: Average ACV EMESA N UPSELL | C67: 35000 | D67: 35000 | E67: 35000 | F67: 35000 | G67: 35000 | H67: 35000 | I67: 45000 | J67: 45000 | K67: 19785 | L67: 22253 | M67: 27809 | N67: 43288 | O67: 21378 | P67: 24094 | Q67: 19213 | R67: =average($K$67:$Q$67) -> 25402.857 | S67: =average($K$67:$Q$67)+10000 -> 35402.857 | T67: =average($K$67:$Q$67)+10000 -> 35402.857 | U67: =average($K$67:$Q$67)+10000 -> 35402.857 | V67: =average($K$67:$Q$67)+10000 -> 35402.857 | W67: =average($K$67:$Q$67)+10000 -> 35402.857 | X67: =average($K$67:$Q$67)+10000 -> 35402.857 | Y67: =average($K$67:$Q$67)+10000 -> 35402.857 | Z67: =average($K$67:$Q$67)+10000 -> 35402.857 | ... AH67: =average($K$67:$Q$67)+10000 -> 35402.857
A68: Average ACV EMESA S UPSELL | C68: 35000 | D68: 35000 | E68: 35000 | F68: 35000 | G68: 35000 | H68: 35000 | I68: 45000 | J68: 45000 | K68: 19785 | L68: 22253 | M68: 27809 | N68: 43288 | O68: 21378 | P68: 24094 | Q68: 19213 | R68: =average($K$67:$Q$67) -> 25402.857 | S68: =average($K$67:$Q$67)+10000 -> 35402.857 | T68: =average($K$67:$Q$67)+10000 -> 35402.857 | U68: =average($K$67:$Q$67)+10000 -> 35402.857 | V68: =average($K$67:$Q$67)+10000 -> 35402.857 | W68: =average($K$67:$Q$67)+10000 -> 35402.857 | X68: =average($K$67:$Q$67)+10000 -> 35402.857 | Y68: =average($K$67:$Q$67)+10000 -> 35402.857 | Z68: =average($K$67:$Q$67)+10000 -> 35402.857 | ... AH68: =average($K$67:$Q$67)+10000 -> 35402.857
A69: Opp Cov Ratio Improvement | S69: 1 | T69: 1 | U69: 1 | V69: 1 | W69: 1 | X69: 1 | Z69: 0.9 | AB69: 0.8 | AD69: 0.8 | AF69: 0.8 | AH69: 0.8
A70: NORAM NB OUTBOUND Opp Cov Rat | C70: 2 | D70: 2 | E70: 2 | F70: 2 | G70: 2 | H70: 3 | I70: 3 | J70: 3 | K70: 4.5 | L70: 3.5 | M70: 4.5 | N70: 3.4 | O70: 3.8 | P70: 3.4 | Q70: 3.8 | R70: 3.4 | S70: 10 | T70: 10 | U70: 5 | V70: 5 | W70: =V70+1 -> 6 | X70: =5*X69 -> 5 | Y70: =X70*1.3 -> 6.5 | Z70: =5*Z69 -> 4.5 | AA70: =Z70*1.3 -> 5.85 | AB70: =5*AB69 -> 4 | AC70: =AB70*1.3 -> 5.2 | AD70: =5*AD69 -> 4 | AE70: =AD70*1.3 -> 5.2 | AF70: =5*AF69 -> 4 | AG70: =AF70*1.3 -> 5.2 | AH70: =5*AH69 -> 4
A71: NORAM NB ILO Opp Cov Rat | C71: 2 | D71: 2 | E71: 2 | F71: 2 | G71: 2 | H71: 3 | I71: 3 | J71: 3 | K71: 4.5 | L71: 3.5 | M71: 4.5 | N71: 3.4 | O71: 3.8 | P71: 3.4 | Q71: 3.8 | R71: 3.4 | S71: 3 | T71: 5 | U71: 4 | V71: 4 | W71: =V71+1 -> 5 | X71: =4*X69 -> 4 | Y71: =X71*1.3 -> 5.2 | Z71: =4*Z69 -> 3.6 | AA71: =Z71*1.3 -> 4.68 | AB71: =4*AB69 -> 3.2 | AC71: =AB71*1.3 -> 4.16 | AD71: =4*AD69 -> 3.2 | AE71: =AD71*1.3 -> 4.16 | AF71: =4*AF69 -> 3.2 | AG71: =AF71*1.3 -> 4.16 | AH71: =4*AH69 -> 3.2
A72: NORAM NB INBOUND Opp Cov Rat | S72: 11 | T72: 6 | U72: 4 | V72: 4 | W72: =V72+1 -> 5 | X72: =4*X69 -> 4 | Y72: =X72*1.3 -> 5.2 | Z72: =4*Z69 -> 3.6 | AA72: =Z72*1.3 -> 4.68 | AB72: =4*AB69 -> 3.2 | AC72: =AB72*1.3 -> 4.16 | AD72: =4*AD69 -> 3.2 | AE72: =AD72*1.3 -> 4.16 | AF72: =4*AF69 -> 3.2 | AG72: =AF72*1.3 -> 4.16 | AH72: =4*AH69 -> 3.2
A73: NORAM NB EVENT Opp Cov Rat | S73: 10 | T73: 10 | U73: 5 | V73: 5 | W73: =V73+1 -> 6 | X73: =5*X69 -> 5 | Y73: =X73*1.3 -> 6.5 | Z73: =5*Z69 -> 4.5 | AA73: =Z73*1.3 -> 5.85 | AB73: =5*AB69 -> 4 | AC73: =AB73*1.3 -> 5.2 | AD73: =5*AD69 -> 4 | AE73: =AD73*1.3 -> 5.2 | AF73: =5*AF69 -> 4 | AG73: =AF73*1.3 -> 5.2 | AH73: =5*AH69 -> 4
A74: NORAM NB PARTNER Opp Cov Rat | S74: 10 | T74: 1 | U74: 4 | V74: 4 | W74: =V74+1 -> 5 | X74: =4*X69 -> 4 | Y74: =X74*1.3 -> 5.2 | Z74: =4*Z69 -> 3.6 | AA74: =Z74*1.3 -> 4.68 | AB74: =4*AB69 -> 3.2 | AC74: =AB74*1.3 -> 4.16 | AD74: =4*AD69 -> 3.2 | AE74: =AD74*1.3 -> 4.16 | AF74: =4*AF69 -> 3.2 | AG74: =AF74*1.3 -> 4.16 | AH74: =4*AH69 -> 3.2
A75: EMESA N NB OUTBOUND Opp Cov Rat | C75: 2 | D75: 2 | E75: 2 | F75: 2 | G75: 2 | H75: 3 | I75: 3 | J75: 3 | K75: 4.5 | L75: 3.5 | M75: 4.5 | N75: 3.4 | O75: 3.8 | P75: 3.4 | Q75: 3.8 | R75: 3.4 | S75: 2 | T75: 10 | U75: 5 | V75: 5 | W75: =V75+1 -> 6 | X75: =5*X69 -> 5 | Y75: =X75*1.3 -> 6.5 | Z75: =5*Z69 -> 4.5 | AA75: =Z75*1.3 -> 5.85 | AB75: =5*AB69 -> 4 | AC75: =AB75*1.3 -> 5.2 | AD75: =5*AD69 -> 4 | AE75: =AD75*1.3 -> 5.2 | AF75: =5*AF69 -> 4 | AG75: =AF75*1.3 -> 5.2 | AH75: =5*AH69 -> 4
A76: EMESA N NB ILO Opp Cov Rat | C76: 2 | D76: 2 | E76: 2 | F76: 2 | G76: 2 | H76: 3 | I76: 3 | J76: 3 | K76: 4.5 | L76: 3.5 | M76: 4.5 | N76: 3.4 | O76: 3.8 | P76: 3.4 | Q76: 3.8 | R76: 3.4 | S76: 5 | T76: 4.5 | U76: 4 | V76: 4 | W76: =V76+1 -> 5 | X76: =4*X69 -> 4 | Y76: =X76*1.3 -> 5.2 | Z76: =4*Z69 -> 3.6 | AA76: =Z76*1.3 -> 4.68 | AB76: =4*AB69 -> 3.2 | AC76: =AB76*1.3 -> 4.16 | AD76: =4*AD69 -> 3.2 | AE76: =AD76*1.3 -> 4.16 | AF76: =4*AF69 -> 3.2 | AG76: =AF76*1.3 -> 4.16 | AH76: =4*AH69 -> 3.2
A77: EMESA N NB INBOUND Opp Cov Rat | S77: 6 | T77: 3 | U77: 4 | V77: 4 | W77: =V77+1 -> 5 | X77: =4*X69 -> 4 | Y77: =X77*1.3 -> 5.2 | Z77: =4*Z69 -> 3.6 | AA77: =Z77*1.3 -> 4.68 | AB77: =4*AB69 -> 3.2 | AC77: =AB77*1.3 -> 4.16 | AD77: =4*AD69 -> 3.2 | AE77: =AD77*1.3 -> 4.16 | AF77: =4*AF69 -> 3.2 | AG77: =AF77*1.3 -> 4.16 | AH77: =4*AH69 -> 3.2
A78: EMESA N NB EVENT Opp Cov Rat | S78: 10 | T78: 10 | U78: 5 | V78: 5 | W78: =V78+1 -> 6 | X78: =5*X69 -> 5 | Y78: =X78*1.3 -> 6.5 | Z78: =5*Z69 -> 4.5 | AA78: =Z78*1.3 -> 5.85 | AB78: =5*AB69 -> 4 | AC78: =AB78*1.3 -> 5.2 | AD78: =5*AD69 -> 4 | AE78: =AD78*1.3 -> 5.2 | AF78: =5*AF69 -> 4 | AG78: =AF78*1.3 -> 5.2 | AH78: =5*AH69 -> 4
A79: EMESA N NB PARTNER Opp Cov Rat | S79: 3 | T79: 3 | U79: 4 | V79: 4 | W79: =V79+1 -> 5 | X79: =4*X69 -> 4 | Y79: =X79*1.3 -> 5.2 | Z79: =4*Z69 -> 3.6 | AA79: =Z79*1.3 -> 4.68 | AB79: =4*AB69 -> 3.2 | AC79: =AB79*1.3 -> 4.16 | AD79: =4*AD69 -> 3.2 | AE79: =AD79*1.3 -> 4.16 | AF79: =4*AF69 -> 3.2 | AG79: =AF79*1.3 -> 4.16 | AH79: =4*AH69 -> 3.2
A80: EMESA S NB OUTBOUND Opp Cov Rat | C80: 2 | D80: 2 | E80: 2 | F80: 2 | G80: 2 | H80: 3 | I80: 3 | J80: 3 | K80: 4.5 | L80: 3.5 | M80: 4.5 | N80: 3.4 | O80: 3.8 | P80: 3.4 | Q80: 3.8 | R80: 3.4 | S80: 10 | T80: 10 | U80: 5 | V80: 5 | W80: =V80+1 -> 6 | X80: =5*X69 -> 5 | Y80: =X80*1.3 -> 6.5 | Z80: =5*Z69 -> 4.5 | AA80: =Z80*1.3 -> 5.85 | AB80: =5*AB69 -> 4 | AC80: =AB80*1.3 -> 5.2 | AD80: =5*AD69 -> 4 | AE80: =AD80*1.3 -> 5.2 | AF80: =5*AF69 -> 4 | AG80: =AF80*1.3 -> 5.2 | AH80: =5*AH69 -> 4
A81: EMESA S NB ILO Opp Cov Rat | C81: 2 | D81: 2 | E81: 2 | F81: 2 | G81: 2 | H81: 3 | I81: 3 | J81: 3 | K81: 4.5 | L81: 3.5 | M81: 4.5 | N81: 3.4 | O81: 3.8 | P81: 3.4 | Q81: 3.8 | R81: 3.4 | S81: 1.8 | T81: 2.5 | U81: =average(S81:T81) -> 2.15 | V81: =average(S81:T81) -> 2.15 | W81: =V81+1 -> 3.15 | X81: =3*X69 -> 3 | Y81: =X81*1.3 -> 3.9 | Z81: =3*Z69 -> 2.7 | AA81: =Z81*1.3 -> 3.51 | AB81: =3*AB69 -> 2.4 | AC81: =AB81*1.3 -> 3.12 | AD81: =3*AD69 -> 2.4 | AE81: =AD81*1.3 -> 3.12 | AF81: =3*AF69 -> 2.4 | AG81: =AF81*1.3 -> 3.12 | AH81: =3*AH69 -> 2.4
A82: EMESA S NB INBOUND Opp Cov Rat | S82: 1.66 | T82: 4.66 | U82: 3 | V82: 3 | W82: =V82+1 -> 4 | X82: =3*X69 -> 3 | Y82: =X82*1.3 -> 3.9 | Z82: =3*Z69 -> 2.7 | AA82: =Z82*1.3 -> 3.51 | AB82: =3*AB69 -> 2.4 | AC82: =AB82*1.3 -> 3.12 | AD82: =3*AD69 -> 2.4 | AE82: =AD82*1.3 -> 3.12 | AF82: =3*AF69 -> 2.4 | AG82: =AF82*1.3 -> 3.12 | AH82: =3*AH69 -> 2.4
A83: EMESA S NB EVENT Opp Cov Rat | S83: 10 | T83: 10 | U83: 5 | V83: 5 | W83: =V83+1 -> 6 | X83: =5*X69 -> 5 | Y83: =X83*1.3 -> 6.5 | Z83: =5*Z69 -> 4.5 | AA83: =Z83*1.3 -> 5.85 | AB83: =5*AB69 -> 4 | AC83: =AB83*1.3 -> 5.2 | AD83: =5*AD69 -> 4 | AE83: =AD83*1.3 -> 5.2 | AF83: =5*AF69 -> 4 | AG83: =AF83*1.3 -> 5.2 | AH83: =5*AH69 -> 4
A84: EMESA S NB PARTNER Opp Cov Rat | S84: 5 | T84: 3 | U84: 3 | V84: 3 | W84: =V84+1 -> 4 | X84: =3*X69 -> 3 | Y84: =X84*1.3 -> 3.9 | Z84: =3*Z69 -> 2.7 | AA84: =Z84*1.3 -> 3.51 | AB84: =3*AB69 -> 2.4 | AC84: =AB84*1.3 -> 3.12 | AD84: =3*AD69 -> 2.4 | AE84: =AD84*1.3 -> 3.12 | AF84: =3*AF69 -> 2.4 | AG84: =AF84*1.3 -> 3.12 | AH84: =3*AH69 -> 2.4
A85: NORAM UP Opp Cov Rat | S85: 1.5 | T85: 2.5 | U85: =Max(T85*0.995,2) -> 2.4875 | V85: =Max(U85*0.995,2) -> 2.4750625 | W85: =Max(V85*0.995,2) -> 2.4626872 | X85: =Max(W85*0.995,2) -> 2.4503738 | Y85: =Max(X85*0.995,2) -> 2.4381219 | Z85: =Max(Y85*0.995,2) -> 2.4259313 | AA85: =Max(Z85*0.995,2) -> 2.4138016 | AB85: =Max(AA85*0.995,2) -> 2.4017326 | ... AH85: =Max(AG85*0.995,2) -> 2.3305753
A86: EMESA N UP Opp Cov Rat | S86: 1.5 | T86: 1.5 | U86: 1.5 | V86: 1.5 | W86: 1.5 | X86: 1.5 | Y86: 1.5 | Z86: 1.5 | AA86: 1.5 | AB86: 1.5 | AC86: 1.5 | AD86: 1.5 | AE86: 1.5 | AF86: 1.5 | AG86: 1.5 | AH86: 1.5
A87: EMESA S UP Opp Cov Rat | S87: 1.5 | T87: 1.5 | U87: 1.5 | V87: 1.5 | W87: 1.5 | X87: 1.5 | Y87: 1.5 | Z87: 1.5 | AA87: 1.5 | AB87: 1.5 | AC87: 1.5 | AD87: 1.5 | AE87: 1.5 | AF87: 1.5 | AG87: 1.5 | AH87: 1.5
A88: NORAM NB OUTBOUND Bookings | R88: =R43*R63/R70 -> 528649.66 | S88: =S38*S$63/S70 -> 9537.3879 | T88: =T38*T$63/T70 -> 42727.408 | U88: =U38*U$63/U70 -> 39796.494 | V88: =V38*V$63/V70 -> 25866.781 | W88: =W38*W$63/W70 -> 11447.213 | X88: =X38*X$63/X70 -> 6843.075 | Y88: =Y38*Y$63/Y70 -> 2495.6769 | Z88: =Z38*Z$63/Z70 -> 995.51667 | ... AH88: =AH38*AH$63/AH70 -> 0
A89: NORAM NB ILO Bookings | S89: =S39*S$63/S71 -> 125075.11 | T89: =T39*T$63/T71 -> 330128.83 | U89: =U39*U$63/U71 -> 247646.23 | V89: =V39*V$63/V71 -> 280678.68 | W89: =W39*W$63/W71 -> 264169.92 | X89: =X39*X$63/X71 -> 377284.05 | Y89: =Y39*Y$63/Y71 -> 322755.59 | Z89: =Z39*Z$63/Z71 -> 504839.67 | ... AH89: =AH39*AH$63/AH71 -> 673566.52
A90: NORAM NB INBOUND Bookings | S90: =S40*S$63/S72 -> 62044.798 | T90: =T40*T$63/T72 -> 427323.98 | U90: =U40*U$63/U72 -> #REF! | V90: =V40*V$63/V72 -> #REF! | W90: =W40*W$63/W72 -> #REF! | X90: =X40*X$63/X72 -> #REF! | Y90: =Y40*Y$63/Y72 -> #REF! | Z90: =Z40*Z$63/Z72 -> #REF! | ... AH90: =AH40*AH$63/AH72 -> #REF!
A91: NORAM NB EVENT Bookings | S91: =S41*S$63/S73 -> 8704.7888 | T91: =T41*T$63/T73 -> 35657.348 | U91: =U41*U$63/U73 -> 40440.21 | V91: =V41*V$63/V73 -> 43974.735 | W91: =W41*W$63/W73 -> 39965.409 | X91: =X41*X$63/X73 -> 50336.819 | Y91: =Y41*Y$63/Y73 -> 38991.681 | Z91: =Z41*Z$63/Z73 -> 57040.992 | ... AH91: =AH41*AH$63/AH73 -> 64688.261
A92: NORAM NB PARTNER Bookings | S92: =S42*S$63/S74 -> 3075.387 | T92: =T42*T$63/T74 -> 133955.96 | U92: =U42*U$63/U74 -> 22131.75 | V92: =V42*V$63/V74 -> 34301.625 | W92: =W42*W$63/W74 -> 44318.7 | X92: =X42*X$63/X74 -> 73618.917 | Y92: =Y42*Y$63/Y74 -> 67128.354 | Z92: =Z42*Z$63/Z74 -> 107854.09 | ... AH92: =AH42*AH$63/AH74 -> 214760.73
A93: NORAM UP | R93: =R45*R66/R70 -> 9927.605 | S93: =S45*S66/S85 -> 58338.476 | T93: =T45*T66/T85 -> 70006.171 | U93: =U45*U66/U85 -> #REF! | V93: =V45*V66/V85 -> #REF! | W93: =W45*W66/W85 -> #REF! | X93: =X45*X66/X85 -> #REF! | Y93: =Y45*Y66/Y85 -> #REF! | Z93: =Z45*Z66/Z85 -> #REF! | ... AH93: =AH45*AH66/AH85 -> #REF!
A94: NORAM TOTAL BOOKINGS | R94: =sum(R88:R93) -> 538577.27 | S94: =sum(S88:S93) -> 266775.95 | T94: =sum(T88:T93) -> 1039799.7 | U94: =sum(U88:U93) -> #REF! | V94: =sum(V88:V93) -> #REF! | W94: =sum(W88:W93) -> #REF! | X94: =sum(X88:X93) -> #REF! | Y94: =sum(Y88:Y93) -> #REF! | ... AH94: =sum(AH88:AH93) -> #REF!
A95: EMESA N NB OUTBOUND Bookings | R95: =R51*R64/R70 -> 471650.75 | S95: =S46*S$64/S75 -> 39524.188 | T95: =T46*T$64/T75 -> 8636.0563 | U95: =U46*U$64/U75 -> 14622.812 | V95: =V46*V$64/V75 -> 9913.8212 | W95: =W46*W$64/W75 -> 4401.6392 | X95: =X46*X$64/X75 -> 2636.88 | Y95: =Y46*Y$64/Y75 -> 938.4 | Z95: =Z46*Z$64/Z75 -> 380.53333 | ... AH95: =AH46*AH$64/AH75 -> 0
A96: EMESA N NB ILO Bookings | S96: =S47*S$64/S76 -> 165912.4 | T96: =T47*T$64/T76 -> 190415.43 | U96: =U47*U$64/U76 -> 250341.41 | V96: =V47*V$64/V76 -> 292885.13 | W96: =W47*W$64/W76 -> 258030.33 | X96: =X47*X$64/X76 -> 350484.5 | Y96: =Y47*Y$64/Y76 -> 293805.01 | Z96: =Z47*Z$64/Z76 -> 456005.98 | ... AH96: =AH47*AH$64/AH76 -> 602444.59
A97: EMESA N NB INBOUND Bookings | S97: =S48*S$64/S77 -> 128092.22 | T97: =T48*T$64/T77 -> 231443.41 | U97: =U48*U$64/U77 -> #REF! | V97: =V48*V$64/V77 -> #REF! | W97: =W48*W$64/W77 -> #REF! | X97: =X48*X$64/X77 -> #REF! | Y97: =Y48*Y$64/Y77 -> #REF! | Z97: =Z48*Z$64/Z77 -> #REF! | ... AH97: =AH48*AH$64/AH77 -> #REF!
A98: EMESA N NB EVENT Bookings | S98: =S49*S$64/S78 -> 11265.161 | T98: =T49*T$64/T78 -> 12391.453 | U98: =U49*U$64/U78 -> 26374.05 | V98: =V49*V$64/V78 -> 30591.12 | W98: =W49*W$64/W78 -> 27802.024 | X98: =X49*X$64/X78 -> 35016.918 | Y98: =Y49*Y$64/Y78 -> 27124.648 | Z98: =Z49*Z$64/Z78 -> 39680.69 | ... AH98: =AH49*AH$64/AH78 -> 45000.529
A99: EMESA N NB PARTNER Bookings | S99: =S50*S$64/S79 -> 48463.483 | T99: =T50*T$64/T79 -> 32786.389 | U99: =U50*U$64/U79 -> 23312.5 | V99: =V50*V$64/V79 -> 30948.667 | W99: =W50*W$64/W79 -> 29958.725 | X99: =X50*X$64/X79 -> 42772.462 | Y99: =Y50*Y$64/Y79 -> 36450.667 | Z99: =Z50*Z$64/Z79 -> 57145.42 | ... AH99: =AH50*AH$64/AH79 -> 111136.08
A100: EMESA N UP | R100: =R53*R67/R70 -> 44828.571 | S100: =S53*S67/S86 -> 118009.52 | T100: =T53*T67/T86 -> 188815.24 | U100: =U53*U67/U86 -> #REF! | V100: =V53*V67/V86 -> #REF! | W100: =W53*W67/W86 -> #REF! | X100: =X53*X67/X86 -> #REF! | Y100: =Y53*Y67/Y86 -> #REF! | Z100: =Z53*Z67/Z86 -> #REF! | ... AH100: =AH53*AH67/AH86 -> #REF!
...

Sheet Inbound Cascade EMESA NORTH
A1: Probability | D1: Q2 22 | E1: Q3 22 | F1: Q4 22 | G1: Q1 23 | H1: Q2 23 | I1: Q3 23 | J1: Q4 23 | K1: Q1 24 | L1: Q2 24 | M1: Q3 24 | N1: Q4 24 | O1: Q1 25 | P1: Q2 25 | Q1: Q3 25 | R1: Q4 25 | S1: {=transpose(A22:A33)} -> Q1 26 | T1: Q2 26 | U1: Q3 26 | V1: Q4 26 | W1: Q1 27 | X1: Q2 27 | Y1: Q3 27 | Z1: Q4 27 | AA1: Q1 28 | AB1: Q2 28 | AC1: Q3 28 | AD1: Q4 28 | AF1: Opps | AG1: Q1 21 | AH1: Q2 21 | AI1: Q3 21 | AJ1: Q4 21 | AK1: Q1 22 | AL1: Q2 22 | AM1: Q3 22 | AN1: Q4 22 | AO1: Q1 23 | AP1: Q2 23 | AQ1: Q3 23 | AR1: Q4 23 | AS1: Q1 24 | AT1: Q2 24 | AU1: Q3 24 | AV1: Q4 24 | AW1: Q1 25 | AX1: Q2 25 | AY1: Q3 25 | AZ1: Q4 25 | BA1: {=transpose(A22:A33)} -> Q1 26 | BB1: Q2 26 | BC1: Q3 26 | BD1: Q4 26 | BE1: Q1 27 | BF1: Q2 27 | BG1: Q3 27 | BH1: Q4 27 | BI1: Q1 28 | BJ1: Q2 28 | BK1: Q3 28 | BL1: Q4 28
A2: Q1 21 | AG2: 0.14 | AH2: 0.33 | AI2: 0.25 | AJ2: 0.15 | AK2: 0.07 | AL2: 0.04 | AM2: 0.02
A3: Q2 21 | AH3: 0.14 | AI3: 0.33 | AJ3: 0.25 | AK3: 0.15 | AL3: 0.07 | AM3: 0.04 | AN3: 0.02
A4: Q3 21 | AI4: 0.14 | AJ4: 0.33 | AK4: 0.25 | AL4: 0.15 | AM4: 0.07 | AN4: 0.04 | AO4: 0.02
A5: Q4 21 | AJ5: 0.14 | AK5: 0.33 | AL5: 0.25 | AM5: 0.15 | AN5: 0.07 | AO5: 0.04 | AP5: 0.02
A6: Q1 22 | D6: 0.1 | AK6: 0.14 | AL6: 0.33 | AM6: 0.25 | AN6: 0.15 | AO6: 0.07 | AP6: 0.04 | AQ6: 0.02
A7: Q2 22 | D7: =227/255 -> 0.89019608 | E7: 0.1 | F7: 0.01 | AL7: 0.14 | AM7: 0.33 | AN7: 0.25 | AO7: 0.15 | AP7: 0.07 | AQ7: 0.04 | AR7: 0.02
A8: Q3 22 | E8: =227/255 -> 0.89019608 | F8: 0.1 | G8: 0.01 | AM8: 0.14 | AN8: 0.33 | AO8: 0.25 | AP8: 0.15 | AQ8: 0.07 | AR8: 0.04 | AS8: 0.02
A9: Q4 22 | F9: =227/255 -> 0.89019608 | G9: 0.1 | H9: 0.01 | AN9: 0.14 | AO9: 0.33 | AP9: 0.25 | AQ9: 0.15 | AR9: 0.07 | AS9: 0.04 | AT9: 0.02
A10: Q1 23 | G10: =227/255 -> 0.89019608 | H10: 0.1 | I10: 0.01 | AO10: 0.14 | AP10: 0.33 | AQ10: 0.25 | AR10: 0.15 | AS10: 0.07 | AT10: 0.04 | AU10: 0.02
A11: Q2 23 | H11: =227/255 -> 0.89019608 | I11: 0.1 | J11: 0.01 | AP11: 0.14 | AQ11: 0.33 | AR11: 0.25 | AS11: 0.15 | AT11: 0.07 | AU11: 0.04 | AV11: 0.02
A12: Q3 23 | I12: =227/255 -> 0.89019608 | J12: 0.1 | K12: 0.01 | AQ12: 0.14 | AR12: 0.33 | AS12: 0.25 | AT12: 0.15 | AU12: 0.07 | AV12: 0.04 | AW12: 0.02
A13: Q4 23 | J13: =227/255 -> 0.89019608 | K13: 0.1 | L13: 0.01 | AR13: 0.14 | AS13: 0.33 | AT13: 0.25 | AU13: 0.15 | AV13: 0.07 | AW13: 0.04 | AX13: 0.02
A14: Q1 24 | K14: =227/255 -> 0.89019608 | L14: 0.1 | M14: 0.01 | AS14: 0.14 | AT14: 0.33 | AU14: 0.25 | AV14: 0.15 | AW14: 0.07 | AX14: 0.04 | AY14: 0.02
A15: Q2 24 | L15: =227/255 -> 0.89019608 | M15: 0.1 | N15: 0.01 | AT15: 0.14 | AU15: 0.33 | AV15: 0.25 | AW15: 0.15 | AX15: 0.07 | AY15: 0.04 | AZ15: 0.02
A16: Q3 24 | M16: =227/255 -> 0.89019608 | N16: 0.1 | O16: 0.01 | AU16: 0.14 | AV16: 0.33 | AW16: 0.25 | AX16: 0.15 | AY16: 0.07 | AZ16: 0.04 | BA16: 0.02
A17: Q4 24 | N17: 0.89 | O17: 0.1 | P17: 0.01 | AV17: 0.14 | AW17: 0.33 | AX17: 0.25 | AY17: 0.15 | AZ17: 0.07 | BA17: 0.04 | BB17: 0.02
A18: Q1 25 | O18: 0.89 | P18: 0.1 | Q18: 0.01 | AW18: 0.14 | AX18: 0.33 | AY18: 0.25 | AZ18: 0.15 | BA18: 0.07 | BB18: 0.04 | BC18: 0.02
A19: Q2 25 | P19: 0.89 | Q19: 0.1 | R19: 0.01 | AX19: 0.14 | AY19: 0.33 | AZ19: 0.25 | BA19: 0.15 | BB19: 0.07 | BC19: 0.04 | BD19: 0.02
A20: Q3 25 | Q20: 0.89 | R20: 0.1 | S20: 0.01 | AY20: 0.14 | AZ20: 0.33 | BA20: 0.25 | BB20: 0.15 | BC20: 0.07 | BD20: 0.04 | BE20: 0.02
A21: Q4 25 | R21: 0.89 | S21: 0.1 | T21: 0.01 | AZ21: 0.14 | BA21: 0.33 | BB21: 0.25 | BC21: 0.15 | BD21: 0.07 | BE21: 0.04 | BF21: 0.02
A22: Q1 26 | S22: =227/255 -> 0.89019608 | T22: 0.1 | U22: 0.01 | BA22: 0.14 | BB22: 0.33 | BC22: 0.25 | BD22: 0.15 | BE22: 0.07 | BF22: 0.04 | BG22: 0.02
A23: Q2 26 | T23: =227/255 -> 0.89019608 | U23: 0.1 | V23: 0.01 | BB23: 0.14 | BC23: 0.33 | BD23: 0.25 | BE23: 0.15 | BF23: 0.07 | BG23: 0.04 | BH23: 0.02
A24: Q3 26 | U24: =227/255 -> 0.89019608 | V24: 0.1 | W24: 0.01 | BC24: 0.14 | BD24: 0.33 | BE24: 0.25 | BF24: 0.15 | BG24: 0.07 | BH24: 0.04 | BI24: 0.02
A25: Q4 26 | V25: =227/255 -> 0.89019608 | W25: 0.1 | X25: 0.01 | BD25: 0.14 | BE25: 0.33 | BF25: 0.25 | BG25: 0.15 | BH25: 0.07 | BI25: 0.04 | BJ25: 0.02
A26: Q1 27 | W26: =227/255 -> 0.89019608 | X26: 0.1 | Y26: 0.01 | BE26: 0.14 | BF26: 0.33 | BG26: 0.25 | BH26: 0.15 | BI26: 0.07 | BJ26: 0.04 | BK26: 0.02
A27: Q2 27 | X27: =227/255 -> 0.89019608 | Y27: 0.1 | Z27: 0.01 | BF27: 0.14 | BG27: 0.33 | BH27: 0.25 | BI27: 0.15 | BJ27: 0.07 | BK27: 0.04 | BL27: 0.02
A28: Q3 27 | Y28: =227/255 -> 0.89019608 | Z28: 0.1 | AA28: 0.01 | BG28: 0.14 | BH28: 0.33 | BI28: 0.25 | BJ28: 0.15 | BK28: 0.07 | BL28: 0.04
A29: Q4 27 | Z29: 0.89 | AA29: 0.1 | AB29: 0.01 | BH29: 0.14 | BI29: 0.33 | BJ29: 0.25 | BK29: 0.15 | BL29: 0.07
A30: Q1 28 | AA30: 0.89 | AB30: 0.1 | AC30: 0.01 | BI30: 0.14 | BJ30: 0.33 | BK30: 0.25 | BL30: 0.15
A31: Q2 28 | AB31: 0.89 | AC31: 0.1 | AD31: 0.01 | BJ31: 0.14 | BK31: 0.33 | BL31: 0.25
A32: Q3 28 | AC32: 0.89 | AD32: 0.1 | BK32: 0.14 | BL32: 0.33
A33: Q4 28 | AD33: 0.89 | BL33: 0.14
B34: SQLs | C34: Conv | D34: Q2 22 | E34: Q3 22 | F34: Q4 22 | G34: Q1 23 | H34: Q2 23 | I34: Q3 23 | J34: Q4 23 | K34: Q1 24 | L34: Q2 24 | M34: Q3 24 | N34: Q4 24 | O34: Q1 25 | P34: Q2 25 | Q34: Q3 25 | R34: Q4 25 | S34: Q1 26 | T34: Q2 26 | U34: Q3 26 | V34: Q4 26 | W34: Q1 27 | X34: Q2 27 | Y34: Q3 27 | Z34: Q4 27 | AA34: Q1 28 | AB34: Q2 28 | AC34: Q3 28 | AD34: Q4 28 | AF34: Opps | AG34: Q1 21 | AH34: Q2 21 | AI34: Q3 21 | AJ34: Q4 21 | AK34: Q1 22 | AL34: Q2 22 | AM34: Q3 22 | AN34: Q4 22 | AO34: Q1 23 | AP34: Q2 23 | AQ34: Q3 23 | AR34: Q4 23 | AS34: Q1 24 | AT34: Q2 24 | AU34: Q3 24 | AV34: Q4 24
A35: Q1 21 | AF35: 0 | AG35: =$AF35*AG2 -> 0 | AH35: =$AF35*AH2 -> 0 | AI35: =$AF35*AI2 -> 0 | AJ35: =$AF35*AJ2 -> 0 | AK35: =$AF35*AK2 -> 0 | AL35: =$AF35*AL2 -> 0 | AM35: =$AF35*AM2 -> 0
A36: Q2 21 | AF36: 0 | AH36: =$AF36*AH3 -> 0 | AI36: =$AF36*AI3 -> 0 | AJ36: =$AF36*AJ3 -> 0 | AK36: =$AF36*AK3 -> 0 | AL36: =$AF36*AL3 -> 0 | AM36: =$AF36*AM3 -> 0 | AN36: =$AF36*AN3 -> 0
A37: Q3 21 | AF37: 0 | AI37: =$AF37*AI4 -> 0 | AJ37: =$AF37*AJ4 -> 0 | AK37: =$AF37*AK4 -> 0 | AL37: =$AF37*AL4 -> 0 | AM37: =$AF37*AM4 -> 0 | AN37: =$AF37*AN4 -> 0 | AO37: =$AF37*AO4 -> 0
A38: Q4 21 | AF38: 0 | AJ38: =$AF38*AJ5 -> 0 | AK38: =$AF38*AK5 -> 0 | AL38: =$AF38*AL5 -> 0 | AM38: =$AF38*AM5 -> 0 | AN38: =$AF38*AN5 -> 0 | AO38: =$AF38*AO5 -> 0 | AP38: =$AF38*AP5 -> 0
A39: Q1 22 | B39: 18 | C39: 0.45 | D39: =$B39*D6 -> 1.8 | AF39: 0 | AK39: =$AF39*AK6 -> 0 | AL39: =$AF39*AL6 -> 0 | AM39: =$AF39*AM6 -> 0 | AN39: =$AF39*AN6 -> 0 | AO39: =$AF39*AO6 -> 0 | AP39: =$AF39*AP6 -> 0 | AQ39: =$AF39*AQ6 -> 0
A40: Q2 22 | B40: 18 | C40: 0.46 | D40: =$B40*D7*$C40 -> 7.3708235 | E40: =$B40*E7*$C40 -> 0.828 | F40: =$B40*F7*$C40 -> 0.0828 | AF40: {=transpose(D67:AD67)} -> 9.1708235 | AL40: =$AF40*AL7 -> 1.2839153 | AM40: =$AF40*AM7 -> 3.0263718 | AN40: =$AF40*AN7 -> 2.2927059 | AO40: =$AF40*AO7 -> 1.3756235 | AP40: =$AF40*AP7 -> 0.64195765 | AQ40: =$AF40*AQ7 -> 0.36683294 | AR40: =$AF40*AR7 -> 0.18341647
A41: Q3 22 | B41: 18 | C41: 0.46 | E41: =$B41*E8*$C41 -> 7.3708235 | F41: =$B41*F8*$C41 -> 0.828 | G41: =$B41*G8*$C41 -> 0.0828 | AF41: 8.1988235 | AM41: =$AF41*AM8 -> 1.1478353 | AN41: =$AF41*AN8 -> 2.7056118 | AO41: =$AF41*AO8 -> 2.0497059 | AP41: =$AF41*AP8 -> 1.2298235 | AQ41: =$AF41*AQ8 -> 0.57391765 | AR41: =$AF41*AR8 -> 0.32795294 | AS41: =$AF41*AS8 -> 0.16397647
A42: Q4 22 | B42: 18 | C42: 0.46 | F42: =$B42*F9*$C42 -> 7.3708235 | G42: =$B42*G9*$C42 -> 0.828 | H42: =$B42*H9*$C42 -> 0.0828 | AF42: 8.2816235 | AN42: =$AF42*AN9 -> 1.1594273 | AO42: =$AF42*AO9 -> 2.7329358 | AP42: =$AF42*AP9 -> 2.0704059 | AQ42: =$AF42*AQ9 -> 1.2422435 | AR42: =$AF42*AR9 -> 0.57971365 | AS42: =$AF42*AS9 -> 0.33126494 | AT42: =$AF42*AT9 -> 0.16563247
A43: Q1 23 | B43: 18 | C43: 0.65 | G43: =$B43*G10*$C43 -> 10.415294 | H43: =$B43*H10*$C43 -> 1.17 | I43: =$B43*I10*$C43 -> 0.117 | AF43: 11.326094 | AO43: =$AF43*AO10 -> 1.5856532 | AP43: =$AF43*AP10 -> 3.7376111 | AQ43: =$AF43*AQ10 -> 2.8315235 | AR43: =$AF43*AR10 -> 1.6989141 | AS43: =$AF43*AS10 -> 0.79282659 | AT43: =$AF43*AT10 -> 0.45304376 | AU43: =$AF43*AU10 -> 0.22652188
A44: Q2 23 | B44: 18 | C44: 0.48 | H44: =$B44*H11*$C44 -> 7.6912941 | I44: =$B44*I11*$C44 -> 0.864 | J44: =$B44*J11*$C44 -> 0.0864 | AF44: 8.9440941 | AP44: =$AF44*AP11 -> 1.2521732 | AQ44: =$AF44*AQ11 -> 2.9515511 | AR44: =$AF44*AR11 -> 2.2360235 | AS44: =$AF44*AS11 -> 1.3416141 | AT44: =$AF44*AT11 -> 0.62608659 | AU44: =$AF44*AU11 -> 0.35776376 | AV44: =$AF44*AV11 -> 0.17888188
A45: Q3 23 | B45: 18 | C45: 0.55 | I45: =$B45*I12*$C45 -> 8.8129412 | J45: =$B45*J12*$C45 -> 0.99 | K45: =$B45*K12*$C45 -> 0.099 | AF45: 9.7939412 | AQ45: =$AF45*AQ12 -> 1.3711518 | AR45: =$AF45*AR12 -> 3.2320006 | AS45: =$AF45*AS12 -> 2.4484853 | AT45: =$AF45*AT12 -> 1.4690912 | AU45: =$AF45*AU12 -> 0.68557588 | AV45: =$AF45*AV12 -> 0.39175765 | AW45: =$AF45*AW12 -> 0.19587882
A46: Q4 23 | B46: 18 | C46: 0.48 | J46: =$B46*J13*$C46 -> 7.6912941 | K46: =$B46*K13*$C46 -> 0.864 | L46: =$B46*L13*$C46 -> 0.0864 | AF46: 8.7676941 | AR46: =$AF46*AR13 -> 1.2274772 | AS46: =$AF46*AS13 -> 2.8933391 | AT46: =$AF46*AT13 -> 2.1919235 | AU46: =$AF46*AU13 -> 1.3151541 | AV46: =$AF46*AV13 -> 0.61373859 | AW46: =$AF46*AW13 -> 0.35070776 | AX46: =$AF46*AX13 -> 0.17535388
A47: Q1 24 | B47: 18 | C47: 0.6 | K47: =$B47*K14*$C47 -> 9.6141176 | L47: =$B47*L14*$C47 -> 1.08 | M47: =$B47*M14*$C47 -> 0.108 | AF47: 10.577118 | AS47: =$AF47*AS14 -> 1.4807965 | AT47: =$AF47*AT14 -> 3.4904488 | AU47: =$AF47*AU14 -> 2.6442794 | AV47: =$AF47*AV14 -> 1.5865676 | AW47: =$AF47*AW14 -> 0.74039824 | AX47: =$AF47*AX14 -> 0.42308471 | AY47: =$AF47*AY14 -> 0.21154235
A48: Q2 24 | B48: 18 | C48: 0.56 | L48: =$B48*L15*$C48 -> 8.9731765 | M48: =$B48*M15*$C48 -> 1.008 | N48: =$B48*N15*$C48 -> 0.1008 | AF48: 10.139576 | AT48: =$AF48*AT15 -> 1.4195407 | AU48: =$AF48*AU15 -> 3.3460602 | AV48: =$AF48*AV15 -> 2.5348941 | AW48: =$AF48*AW15 -> 1.5209365 | AX48: =$AF48*AX15 -> 0.70977035 | AY48: =$AF48*AY15 -> 0.40558306 | AZ48: =$AF48*AZ15 -> 0.20279153
A49: Q3 24 | B49: 18 | C49: 0.53 | M49: =$B49*M16*$C49 -> 8.4924706 | N49: =$B49*N16*$C49 -> 0.954 | O49: =$B49*O16*$C49 -> 0.0954 | AF49: 9.6084706 | AU49: =$AF49*AU16 -> 1.3451859 | AV49: =$AF49*AV16 -> 3.1707953 | AW49: =$AF49*AW16 -> 2.4021176 | AX49: =$AF49*AX16 -> 1.4412706 | AY49: =$AF49*AY16 -> 0.67259294 | AZ49: =$AF49*AZ16 -> 0.38433882 | BA49: =$AF49*BA16 -> 0.19216941
A50: Q4 24 | B50: 18 | C50: 0.5 | N50: =$B50*N17*$C50 -> 8.01 | O50: =$B50*O17*$C50 -> 0.9 | P50: =$B50*P17*$C50 -> 0.09 | AF50: 9.0648 | AV50: =$AF50*AV17 -> 1.269072 | AW50: =$AF50*AW17 -> 2.991384 | AX50: =$AF50*AX17 -> 2.2662 | AY50: =$AF50*AY17 -> 1.35972 | AZ50: =$AF50*AZ17 -> 0.634536 | BA50: =$AF50*BA17 -> 0.362592 | BB50: =$AF50*BB17 -> 0.181296
A51: Q1 25 | B51: 18 | C51: 0.5 | O51: =$B51*O18*$C51 -> 8.01 | P51: =$B51*P18*$C51 -> 0.9 | Q51: =$B51*Q18*$C51 -> 0.09 | AF51: 9.0054 | AW51: =$AF51*AW18 -> 1.260756 | AX51: =$AF51*AX18 -> 2.971782 | AY51: =$AF51*AY18 -> 2.25135 | AZ51: =$AF51*AZ18 -> 1.35081 | BA51: =$AF51*BA18 -> 0.630378 | BB51: =$AF51*BB18 -> 0.360216 | BC51: =$AF51*BC18 -> 0.180108
A52: Q2 25 | B52: 18 | C52: 0.5 | P52: =$B52*P19*$C52 -> 8.01 | Q52: =$B52*Q19*$C52 -> 0.9 | R52: =$B52*R19*$C52 -> 0.09 | AF52: 9 | AX52: =$AF52*AX19 -> 1.26 | AY52: =$AF52*AY19 -> 2.97 | AZ52: =$AF52*AZ19 -> 2.25 | BA52: =$AF52*BA19 -> 1.35 | BB52: =$AF52*BB19 -> 0.63 | BC52: =$AF52*BC19 -> 0.36 | BD52: =$AF52*BD19 -> 0.18
A53: Q3 25 | B53: =average($B$48:$B$52)*1.2+'Brand Rollout'!D18/2 -> #REF! | C53: 0.55 | Q53: =$B53*Q20*$C53 -> #REF! | R53: =$B53*R20*$C53 -> #REF! | S53: =$B53*S20*$C53 -> #REF! | AF53: #REF! | AY53: =$AF53*AY20 -> #REF! | AZ53: =$AF53*AZ20 -> #REF! | BA53: =$AF53*BA20 -> #REF! | BB53: =$AF53*BB20 -> #REF! | BC53: =$AF53*BC20 -> #REF! | BD53: =$AF53*BD20 -> #REF! | BE53: =$AF53*BE20 -> #REF!
A54: Q4 25 | B54: =average($B$48:$B$51)*1.5+'Brand Rollout'!D19/2 -> #REF! | C54: 0.55 | R54: =$B54*R21*$C54 -> #REF! | S54: =$B54*S21*$C54 -> #REF! | T54: =$B54*T21*$C54 -> #REF! | AF54: #REF! | AZ54: =$AF54*AZ21 -> #REF! | BA54: =$AF54*BA21 -> #REF! | BB54: =$AF54*BB21 -> #REF! | BC54: =$AF54*BC21 -> #REF! | BD54: =$AF54*BD21 -> #REF! | BE54: =$AF54*BE21 -> #REF! | BF54: =$AF54*BF21 -> #REF!
A55: Q1 26 | B55: =average($B$48:$B$51)*1.5+'Brand Rollout'!D20/2 -> #REF! | C55: 0.55 | S55: =$B55*S22*$C55 -> #REF! | T55: =$B55*T22*$C55 -> #REF! | U55: =$B55*U22*$C55 -> #REF! | AF55: #REF! | BA55: =$AF55*BA22 -> #REF! | BB55: =$AF55*BB22 -> #REF! | BC55: =$AF55*BC22 -> #REF! | BD55: =$AF55*BD22 -> #REF! | BE55: =$AF55*BE22 -> #REF! | BF55: =$AF55*BF22 -> #REF! | BG55: =$AF55*BG22 -> #REF!
A56: Q2 26 | B56: =average($B$48:$B$51)*1.5+'Brand Rollout'!D21/2 -> #REF! | C56: 0.55 | T56: =$B56*T23*$C56 -> #REF! | U56: =$B56*U23*$C56 -> #REF! | V56: =$B56*V23*$C56 -> #REF! | AF56: #REF! | BB56: =$AF56*BB23 -> #REF! | BC56: =$AF56*BC23 -> #REF! | BD56: =$AF56*BD23 -> #REF! | BE56: =$AF56*BE23 -> #REF! | BF56: =$AF56*BF23 -> #REF! | BG56: =$AF56*BG23 -> #REF! | BH56: =$AF56*BH23 -> #REF!
A57: Q3 26 | B57: =average($B$48:$B$51)*1.7+'Brand Rollout'!D22/2 -> #REF! | C57: 0.55 | U57: =$B57*U24*$C57 -> #REF! | V57: =$B57*V24*$C57 -> #REF! | W57: =$B57*W24*$C57 -> #REF! | AF57: #REF! | BC57: =$AF57*BC24 -> #REF! | BD57: =$AF57*BD24 -> #REF! | BE57: =$AF57*BE24 -> #REF! | BF57: =$AF57*BF24 -> #REF! | BG57: =$AF57*BG24 -> #REF! | BH57: =$AF57*BH24 -> #REF! | BI57: =$AF57*BI24 -> #REF!
A58: Q4 26 | B58: =average($B$48:$B$51)*1.7+'Brand Rollout'!D23/2 -> #REF! | C58: 0.55 | V58: =$B58*V25*$C58 -> #REF! | W58: =$B58*W25*$C58 -> #REF! | X58: =$B58*X25*$C58 -> #REF! | AF58: #REF! | BD58: =$AF58*BD25 -> #REF! | BE58: =$AF58*BE25 -> #REF! | BF58: =$AF58*BF25 -> #REF! | BG58: =$AF58*BG25 -> #REF! | BH58: =$AF58*BH25 -> #REF! | BI58: =$AF58*BI25 -> #REF! | BJ58: =$AF58*BJ25 -> #REF!
A59: Q1 27 | B59: =average($B$48:$B$51)*1.7+'Brand Rollout'!D24/2 -> #REF! | C59: 0.55 | W59: =$B59*W26*$C59 -> #REF! | X59: =$B59*X26*$C59 -> #REF! | Y59: =$B59*Y26*$C59 -> #REF! | AF59: #REF! | BE59: =$AF59*BE26 -> #REF! | BF59: =$AF59*BF26 -> #REF! | BG59: =$AF59*BG26 -> #REF! | BH59: =$AF59*BH26 -> #REF! | BI59: =$AF59*BI26 -> #REF! | BJ59: =$AF59*BJ26 -> #REF! | BK59: =$AF59*BK26 -> #REF!
A60: Q2 27 | B60: =average($B$48:$B$51)*1.7+'Brand Rollout'!D25/2 -> #REF! | C60: 0.55 | X60: =$B60*X27*$C60 -> #REF! | Y60: =$B60*Y27*$C60 -> #REF! | Z60: =$B60*Z27*$C60 -> #REF! | AF60: #REF! | BF60: =$AF60*BF27 -> #REF! | BG60: =$AF60*BG27 -> #REF! | BH60: =$AF60*BH27 -> #REF! | BI60: =$AF60*BI27 -> #REF! | BJ60: =$AF60*BJ27 -> #REF! | BK60: =$AF60*BK27 -> #REF! | BL60: =$AF60*BL27 -> #REF!
A61: Q3 27 | B61: =average($B$48:$B$51)*2.2+'Brand Rollout'!D26/2 -> #REF! | C61: 0.55 | Y61: =$B61*Y28*$C61 -> #REF! | Z61: =$B61*Z28*$C61 -> #REF! | AA61: =$B61*AA28*$C61 -> #REF! | AF61: #REF! | BG61: =$AF61*BG28 -> #REF! | BH61: =$AF61*BH28 -> #REF! | BI61: =$AF61*BI28 -> #REF! | BJ61: =$AF61*BJ28 -> #REF! | BK61: =$AF61*BK28 -> #REF! | BL61: =$AF61*BL28 -> #REF!
A62: Q4 27 | B62: =average($B$48:$B$51)*2.2+'Brand Rollout'!D27/2 -> #REF! | C62: 0.55 | Z62: =$B62*Z29*$C62 -> #REF! | AA62: =$B62*AA29*$C62 -> #REF! | AB62: =$B62*AB29*$C62 -> #REF! | AF62: #REF! | BH62: =$AF62*BH29 -> #REF! | BI62: =$AF62*BI29 -> #REF! | BJ62: =$AF62*BJ29 -> #REF! | BK62: =$AF62*BK29 -> #REF! | BL62: =$AF62*BL29 -> #REF!
A63: Q1 28 | B63: =average($B$48:$B$51)*2.2+'Brand Rollout'!D28/2 -> #REF! | C63: 0.55 | AA63: =$B63*AA30*$C63 -> #REF! | AB63: =$B63*AB30*$C63 -> #REF! | AC63: =$B63*AC30*$C63 -> #REF! | AF63: #REF! | BI63: =$AF63*BI30 -> #REF! | BJ63: =$AF63*BJ30 -> #REF! | BK63: =$AF63*BK30 -> #REF! | BL63: =$AF63*BL30 -> #REF!
A64: Q2 28 | B64: =average($B$48:$B$51)*2.2+'Brand Rollout'!D29/2 -> #REF! | C64: 0.55 | AB64: =$B64*AB31*$C64 -> #REF! | AC64: =$B64*AC31*$C64 -> #REF! | AD64: =$B64*AD31*$C64 -> #REF! | AF64: #REF! | BJ64: =$AF64*BJ31 -> #REF! | BK64: =$AF64*BK31 -> #REF! | BL64: =$AF64*BL31 -> #REF!
A65: Q3 28 | B65: =average($B$48:$B$51)*2.2+'Brand Rollout'!D30/2 -> #REF! | C65: 0.55 | AC65: =$B65*AC32*$C65 -> #REF! | AD65: =$B65*AD32*$C65 -> #REF! | AF65: #REF! | BK65: =$AF65*BK32 -> #REF! | BL65: =$AF65*BL32 -> #REF!
A66: Q4 28 | B66: =average($B$48:$B$51)*2.2+'Brand Rollout'!D31/2 -> #REF! | C66: 0.55 | AD66: =$B66*AD33*$C66 -> #REF! | AF66: #REF! | BL66: =$AF66*BL33 -> #REF!
A67: Total Opps Created | D67: =sum(D39:D66) -> 9.1708235 | E67: =sum(E39:E66) -> 8.1988235 | F67: =sum(F39:F66) -> 8.2816235 | G67: =sum(G39:G66) -> 11.326094 | H67: =sum(H39:H66) -> 8.9440941 | I67: =sum(I39:I66) -> 9.7939412 | J67: =sum(J39:J66) -> 8.7676941 | K67: =sum(K39:K66) -> 10.577118 | ... AD67: =sum(AD39:AD66) -> #REF!
A68: Total Opps Worked | AG68: =sum(AG35:AG66) -> 0 | AH68: =sum(AH35:AH66) -> 0 | AI68: =sum(AI35:AI66) -> 0 | AJ68: =sum(AJ35:AJ66) -> 0 | AK68: =sum(AK35:AK66) -> 0 | AL68: =sum(AL35:AL66) -> 1.2839153 | AM68: =sum(AM35:AM66) -> 4.1742071 | AN68: =sum(AN35:AN66) -> 6.1577449 | ... BL68: =sum(BL35:BL66) -> #REF!
AW69: 12 | AX69: 10

Sheet Inbound Cascade EMESA SOUTH
A1: Probability | D1: Q2 22 | E1: Q3 22 | F1: Q4 22 | G1: Q1 23 | H1: Q2 23 | I1: Q3 23 | J1: Q4 23 | K1: Q1 24 | L1: Q2 24 | M1: Q3 24 | N1: Q4 24 | O1: Q1 25 | P1: Q2 25 | Q1: Q3 25 | R1: Q4 25 | S1: {=transpose(A22:A33)} -> Q1 26 | T1: Q2 26 | U1: Q3 26 | V1: Q4 26 | W1: Q1 27 | X1: Q2 27 | Y1: Q3 27 | Z1: Q4 27 | AA1: Q1 28 | AB1: Q2 28 | AC1: Q3 28 | AD1: Q4 28 | AF1: Opps | AG1: Q1 21 | AH1: Q2 21 | AI1: Q3 21 | AJ1: Q4 21 | AK1: Q1 22 | AL1: Q2 22 | AM1: Q3 22 | AN1: Q4 22 | AO1: Q1 23 | AP1: Q2 23 | AQ1: Q3 23 | AR1: Q4 23 | AS1: Q1 24 | AT1: Q2 24 | AU1: Q3 24 | AV1: Q4 24 | AW1: Q1 25 | AX1: Q2 25 | AY1: Q3 25 | AZ1: Q4 25 | BA1: {=transpose(A22:A33)} -> Q1 26 | BB1: Q2 26 | BC1: Q3 26 | BD1: Q4 26 | BE1: Q1 27 | BF1: Q2 27 | BG1: Q3 27 | BH1: Q4 27 | BI1: Q1 28 | BJ1: Q2 28 | BK1: Q3 28 | BL1: Q4 28
A2: Q1 21 | AG2: 0.14 | AH2: 0.33 | AI2: 0.25 | AJ2: 0.15 | AK2: 0.07 | AL2: 0.04 | AM2: 0.02
A3: Q2 21 | AH3: 0.14 | AI3: 0.33 | AJ3: 0.25 | AK3: 0.15 | AL3: 0.07 | AM3: 0.04 | AN3: 0.02
A4: Q3 21 | AI4: 0.14 | AJ4: 0.33 | AK4: 0.25 | AL4: 0.15 | AM4: 0.07 | AN4: 0.04 | AO4: 0.02
A5: Q4 21 | AJ5: 0.14 | AK5: 0.33 | AL5: 0.25 | AM5: 0.15 | AN5: 0.07 | AO5: 0.04 | AP5: 0.02
A6: Q1 22 | D6: 0.1 | AK6: 0.14 | AL6: 0.33 | AM6: 0.25 | AN6: 0.15 | AO6: 0.07 | AP6: 0.04 | AQ6: 0.02
A7: Q2 22 | D7: =227/255 -> 0.89019608 | E7: 0.1 | F7: 0.01 | AL7: 0.14 | AM7: 0.33 | AN7: 0.25 | AO7: 0.15 | AP7: 0.07 | AQ7: 0.04 | AR7: 0.02
A8: Q3 22 | E8: =227/255 -> 0.89019608 | F8: 0.1 | G8: 0.01 | AM8: 0.14 | AN8: 0.33 | AO8: 0.25 | AP8: 0.15 | AQ8: 0.07 | AR8: 0.04 | AS8: 0.02
A9: Q4 22 | F9: =227/255 -> 0.89019608 | G9: 0.1 | H9: 0.01 | AN9: 0.14 | AO9: 0.33 | AP9: 0.25 | AQ9: 0.15 | AR9: 0.07 | AS9: 0.04 | AT9: 0.02
A10: Q1 23 | G10: =227/255 -> 0.89019608 | H10: 0.1 | I10: 0.01 | AO10: 0.14 | AP10: 0.33 | AQ10: 0.25 | AR10: 0.15 | AS10: 0.07 | AT10: 0.04 | AU10: 0.02
A11: Q2 23 | H11: =227/255 -> 0.89019608 | I11: 0.1 | J11: 0.01 | AP11: 0.14 | AQ11: 0.33 | AR11: 0.25 | AS11: 0.15 | AT11: 0.07 | AU11: 0.04 | AV11: 0.02
A12: Q3 23 | I12: =227/255 -> 0.89019608 | J12: 0.1 | K12: 0.01 | AQ12: 0.14 | AR12: 0.33 | AS12: 0.25 | AT12: 0.15 | AU12: 0.07 | AV12: 0.04 | AW12: 0.02
A13: Q4 23 | J13: =227/255 -> 0.89019608 | K13: 0.1 | L13: 0.01 | AR13: 0.14 | AS13: 0.33 | AT13: 0.25 | AU13: 0.15 | AV13: 0.07 | AW13: 0.04 | AX13: 0.02
A14: Q1 24 | K14: =227/255 -> 0.89019608 | L14: 0.1 | M14: 0.01 | AS14: 0.14 | AT14: 0.33 | AU14: 0.25 | AV14: 0.15 | AW14: 0.07 | AX14: 0.04 | AY14: 0.02
A15: Q2 24 | L15: =227/255 -> 0.89019608 | M15: 0.1 | N15: 0.01 | AT15: 0.14 | AU15: 0.33 | AV15: 0.25 | AW15: 0.15 | AX15: 0.07 | AY15: 0.04 | AZ15: 0.02
A16: Q3 24 | M16: =227/255 -> 0.89019608 | N16: 0.1 | O16: 0.01 | AU16: 0.14 | AV16: 0.33 | AW16: 0.25 | AX16: 0.15 | AY16: 0.07 | AZ16: 0.04 | BA16: 0.02
A17: Q4 24 | N17: 0.89 | O17: 0.1 | P17: 0.01 | AV17: 0.14 | AW17: 0.33 | AX17: 0.25 | AY17: 0.15 | AZ17: 0.07 | BA17: 0.04 | BB17: 0.02
A18: Q1 25 | O18: 0.89 | P18: 0.1 | Q18: 0.01 | AW18: 0.14 | AX18: 0.33 | AY18: 0.25 | AZ18: 0.15 | BA18: 0.07 | BB18: 0.04 | BC18: 0.02
A19: Q2 25 | P19: 0.89 | Q19: 0.1 | R19: 0.01 | AX19: 0.14 | AY19: 0.33 | AZ19: 0.25 | BA19: 0.15 | BB19: 0.07 | BC19: 0.04 | BD19: 0.02
A20: Q3 25 | Q20: 0.89 | R20: 0.1 | S20: 0.01 | AY20: 0.14 | AZ20: 0.33 | BA20: 0.25 | BB20: 0.15 | BC20: 0.07 | BD20: 0.04 | BE20: 0.02
A21: Q4 25 | R21: 0.89 | S21: 0.1 | T21: 0.01 | AZ21: 0.14 | BA21: 0.33 | BB21: 0.25 | BC21: 0.15 | BD21: 0.07 | BE21: 0.04 | BF21: 0.02
A22: Q1 26 | S22: =227/255 -> 0.89019608 | T22: 0.1 | U22: 0.01 | BA22: 0.14 | BB22: 0.33 | BC22: 0.25 | BD22: 0.15 | BE22: 0.07 | BF22: 0.04 | BG22: 0.02
A23: Q2 26 | T23: =227/255 -> 0.89019608 | U23: 0.1 | V23: 0.01 | BB23: 0.14 | BC23: 0.33 | BD23: 0.25 | BE23: 0.15 | BF23: 0.07 | BG23: 0.04 | BH23: 0.02
A24: Q3 26 | U24: =227/255 -> 0.89019608 | V24: 0.1 | W24: 0.01 | BC24: 0.14 | BD24: 0.33 | BE24: 0.25 | BF24: 0.15 | BG24: 0.07 | BH24: 0.04 | BI24: 0.02
A25: Q4 26 | V25: =227/255 -> 0.89019608 | W25: 0.1 | X25: 0.01 | BD25: 0.14 | BE25: 0.33 | BF25: 0.25 | BG25: 0.15 | BH25: 0.07 | BI25: 0.04 | BJ25: 0.02
A26: Q1 27 | W26: =227/255 -> 0.89019608 | X26: 0.1 | Y26: 0.01 | BE26: 0.14 | BF26: 0.33 | BG26: 0.25 | BH26: 0.15 | BI26: 0.07 | BJ26: 0.04 | BK26: 0.02
A27: Q2 27 | X27: =227/255 -> 0.89019608 | Y27: 0.1 | Z27: 0.01 | BF27: 0.14 | BG27: 0.33 | BH27: 0.25 | BI27: 0.15 | BJ27: 0.07 | BK27: 0.04 | BL27: 0.02
A28: Q3 27 | Y28: =227/255 -> 0.89019608 | Z28: 0.1 | AA28: 0.01 | BG28: 0.14 | BH28: 0.33 | BI28: 0.25 | BJ28: 0.15 | BK28: 0.07 | BL28: 0.04
A29: Q4 27 | Z29: 0.89 | AA29: 0.1 | AB29: 0.01 | BH29: 0.14 | BI29: 0.33 | BJ29: 0.25 | BK29: 0.15 | BL29: 0.07
A30: Q1 28 | AA30: 0.89 | AB30: 0.1 | AC30: 0.01 | BI30: 0.14 | BJ30: 0.33 | BK30: 0.25 | BL30: 0.15
A31: Q2 28 | AB31: 0.89 | AC31: 0.1 | AD31: 0.01 | BJ31: 0.14 | BK31: 0.33 | BL31: 0.25
A32: Q3 28 | AC32: 0.89 | AD32: 0.1 | BK32: 0.14 | BL32: 0.33
A33: Q4 28 | AD33: 0.89 | BL33: 0.14
B34: SQLs | C34: Conv | D34: Q2 22 | E34: Q3 22 | F34: Q4 22 | G34: Q1 23 | H34: Q2 23 | I34: Q3 23 | J34: Q4 23 | K34: Q1 24 | L34: Q2 24 | M34: Q3 24 | N34: Q4 24 | O34: Q1 25 | P34: Q2 25 | Q34: Q3 25 | R34: Q4 25 | S34: Q1 26 | T34: Q2 26 | U34: Q3 26 | V34: Q4 26 | W34: Q1 27 | X34: Q2 27 | Y34: Q3 27 | Z34: Q4 27 | AA34: Q1 28 | AB34: Q2 28 | AC34: Q3 28 | AD34: Q4 28 | AF34: Opps | AG34: Q1 21 | AH34: Q2 21 | AI34: Q3 21 | AJ34: Q4 21 | AK34: Q1 22 | AL34: Q2 22 | AM34: Q3 22 | AN34: Q4 22 | AO34: Q1 23 | AP34: Q2 23 | AQ34: Q3 23 | AR34: Q4 23 | AS34: Q1 24 | AT34: Q2 24 | AU34: Q3 24 | AV34: Q4 24
A35: Q1 21 | AF35: 0 | AG35: =$AF35*AG2 -> 0 | AH35: =$AF35*AH2 -> 0 | AI35: =$AF35*AI2 -> 0 | AJ35: =$AF35*AJ2 -> 0 | AK35: =$AF35*AK2 -> 0 | AL35: =$AF35*AL2 -> 0 | AM35: =$AF35*AM2 -> 0
A36: Q2 21 | AF36: 0 | AH36: =$AF36*AH3 -> 0 | AI36: =$AF36*AI3 -> 0 | AJ36: =$AF36*AJ3 -> 0 | AK36: =$AF36*AK3 -> 0 | AL36: =$AF36*AL3 -> 0 | AM36: =$AF36*AM3 -> 0 | AN36: =$AF36*AN3 -> 0
A37: Q3 21 | AF37: 0 | AI37: =$AF37*AI4 -> 0 | AJ37: =$AF37*AJ4 -> 0 | AK37: =$AF37*AK4 -> 0 | AL37: =$AF37*AL4 -> 0 | AM37: =$AF37*AM4 -> 0 | AN37: =$AF37*AN4 -> 0 | AO37: =$AF37*AO4 -> 0
A38: Q4 21 | AF38: 0 | AJ38: =$AF38*AJ5 -> 0 | AK38: =$AF38*AK5 -> 0 | AL38: =$AF38*AL5 -> 0 | AM38: =$AF38*AM5 -> 0 | AN38: =$AF38*AN5 -> 0 | AO38: =$AF38*AO5 -> 0 | AP38: =$AF38*AP5 -> 0
A39: Q1 22 | B39: 18 | C39: 0.45 | D39: =$B39*D6 -> 1.8 | AF39: 0 | AK39: =$AF39*AK6 -> 0 | AL39: =$AF39*AL6 -> 0 | AM39: =$AF39*AM6 -> 0 | AN39: =$AF39*AN6 -> 0 | AO39: =$AF39*AO6 -> 0 | AP39: =$AF39*AP6 -> 0 | AQ39: =$AF39*AQ6 -> 0
A40: Q2 22 | B40: 18 | C40: 0.46 | D40: =$B40*D7*$C40 -> 7.3708235 | E40: =$B40*E7*$C40 -> 0.828 | F40: =$B40*F7*$C40 -> 0.0828 | AF40: {=transpose(D67:AD67)} -> 9.1708235 | AL40: =$AF40*AL7 -> 1.2839153 | AM40: =$AF40*AM7 -> 3.0263718 | AN40: =$AF40*AN7 -> 2.2927059 | AO40: =$AF40*AO7 -> 1.3756235 | AP40: =$AF40*AP7 -> 0.64195765 | AQ40: =$AF40*AQ7 -> 0.36683294 | AR40: =$AF40*AR7 -> 0.18341647
A41: Q3 22 | B41: 18 | C41: 0.46 | E41: =$B41*E8*$C41 -> 7.3708235 | F41: =$B41*F8*$C41 -> 0.828 | G41: =$B41*G8*$C41 -> 0.0828 | AF41: 8.1988235 | AM41: =$AF41*AM8 -> 1.1478353 | AN41: =$AF41*AN8 -> 2.7056118 | AO41: =$AF41*AO8 -> 2.0497059 | AP41: =$AF41*AP8 -> 1.2298235 | AQ41: =$AF41*AQ8 -> 0.57391765 | AR41: =$AF41*AR8 -> 0.32795294 | AS41: =$AF41*AS8 -> 0.16397647
A42: Q4 22 | B42: 18 | C42: 0.46 | F42: =$B42*F9*$C42 -> 7.3708235 | G42: =$B42*G9*$C42 -> 0.828 | H42: =$B42*H9*$C42 -> 0.0828 | AF42: 8.2816235 | AN42: =$AF42*AN9 -> 1.1594273 | AO42: =$AF42*AO9 -> 2.7329358 | AP42: =$AF42*AP9 -> 2.0704059 | AQ42: =$AF42*AQ9 -> 1.2422435 | AR42: =$AF42*AR9 -> 0.57971365 | AS42: =$AF42*AS9 -> 0.33126494 | AT42: =$AF42*AT9 -> 0.16563247
A43: Q1 23 | B43: 18 | C43: 0.65 | G43: =$B43*G10*$C43 -> 10.415294 | H43: =$B43*H10*$C43 -> 1.17 | I43: =$B43*I10*$C43 -> 0.117 | AF43: 11.326094 | AO43: =$AF43*AO10 -> 1.5856532 | AP43: =$AF43*AP10 -> 3.7376111 | AQ43: =$AF43*AQ10 -> 2.8315235 | AR43: =$AF43*AR10 -> 1.6989141 | AS43: =$AF43*AS10 -> 0.79282659 | AT43: =$AF43*AT10 -> 0.45304376 | AU43: =$AF43*AU10 -> 0.22652188
A44: Q2 23 | B44: 18 | C44: 0.48 | H44: =$B44*H11*$C44 -> 7.6912941 | I44: =$B44*I11*$C44 -> 0.864 | J44: =$B44*J11*$C44 -> 0.0864 | AF44: 8.9440941 | AP44: =$AF44*AP11 -> 1.2521732 | AQ44: =$AF44*AQ11 -> 2.9515511 | AR44: =$AF44*AR11 -> 2.2360235 | AS44: =$AF44*AS11 -> 1.3416141 | AT44: =$AF44*AT11 -> 0.62608659 | AU44: =$AF44*AU11 -> 0.35776376 | AV44: =$AF44*AV11 -> 0.17888188
A45: Q3 23 | B45: 18 | C45: 0.55 | I45: =$B45*I12*$C45 -> 8.8129412 | J45: =$B45*J12*$C45 -> 0.99 | K45: =$B45*K12*$C45 -> 0.099 | AF45: 9.7939412 | AQ45: =$AF45*AQ12 -> 1.3711518 | AR45: =$AF45*AR12 -> 3.2320006 | AS45: =$AF45*AS12 -> 2.4484853 | AT45: =$AF45*AT12 -> 1.4690912 | AU45: =$AF45*AU12 -> 0.68557588 | AV45: =$AF45*AV12 -> 0.39175765 | AW45: =$AF45*AW12 -> 0.19587882
A46: Q4 23 | B46: 18 | C46: 0.48 | J46: =$B46*J13*$C46 -> 7.6912941 | K46: =$B46*K13*$C46 -> 0.864 | L46: =$B46*L13*$C46 -> 0.0864 | AF46: 8.7676941 | AR46: =$AF46*AR13 -> 1.2274772 | AS46: =$AF46*AS13 -> 2.8933391 | AT46: =$AF46*AT13 -> 2.1919235 | AU46: =$AF46*AU13 -> 1.3151541 | AV46: =$AF46*AV13 -> 0.61373859 | AW46: =$AF46*AW13 -> 0.35070776 | AX46: =$AF46*AX13 -> 0.17535388
A47: Q1 24 | B47: 18 | C47: 0.6 | K47: =$B47*K14*$C47 -> 9.6141176 | L47: =$B47*L14*$C47 -> 1.08 | M47: =$B47*M14*$C47 -> 0.108 | AF47: 10.577118 | AS47: =$AF47*AS14 -> 1.4807965 | AT47: =$AF47*AT14 -> 3.4904488 | AU47: =$AF47*AU14 -> 2.6442794 | AV47: =$AF47*AV14 -> 1.5865676 | AW47: =$AF47*AW14 -> 0.74039824 | AX47: =$AF47*AX14 -> 0.42308471 | AY47: =$AF47*AY14 -> 0.21154235
A48: Q2 24 | B48: 18 | C48: 0.56 | L48: =$B48*L15*$C48 -> 8.9731765 | M48: =$B48*M15*$C48 -> 1.008 | N48: =$B48*N15*$C48 -> 0.1008 | AF48: 10.139576 | AT48: =$AF48*AT15 -> 1.4195407 | AU48: =$AF48*AU15 -> 3.3460602 | AV48: =$AF48*AV15 -> 2.5348941 | AW48: =$AF48*AW15 -> 1.5209365 | AX48: =$AF48*AX15 -> 0.70977035 | AY48: =$AF48*AY15 -> 0.40558306 | AZ48: =$AF48*AZ15 -> 0.20279153
A49: Q3 24 | B49: 18 | C49: 0.53 | M49: =$B49*M16*$C49 -> 8.4924706 | N49: =$B49*N16*$C49 -> 0.954 | O49: =$B49*O16*$C49 -> 0.0954 | AF49: 9.6084706 | AU49: =$AF49*AU16 -> 1.3451859 | AV49: =$AF49*AV16 -> 3.1707953 | AW49: =$AF49*AW16 -> 2.4021176 | AX49: =$AF49*AX16 -> 1.4412706 | AY49: =$AF49*AY16 -> 0.67259294 | AZ49: =$AF49*AZ16 -> 0.38433882 | BA49: =$AF49*BA16 -> 0.19216941
A50: Q4 24 | B50: 18 | C50: 0.5 | N50: =$B50*N17*$C50 -> 8.01 | O50: =$B50*O17*$C50 -> 0.9 | P50: =$B50*P17*$C50 -> 0.09 | AF50: 9.0648 | AV50: =$AF50*AV17 -> 1.269072 | AW50: =$AF50*AW17 -> 2.991384 | AX50: =$AF50*AX17 -> 2.2662 | AY50: =$AF50*AY17 -> 1.35972 | AZ50: =$AF50*AZ17 -> 0.634536 | BA50: =$AF50*BA17 -> 0.362592 | BB50: =$AF50*BB17 -> 0.181296
A51: Q1 25 | B51: 18 | C51: 0.5 | O51: =$B51*O18*$C51 -> 8.01 | P51: =$B51*P18*$C51 -> 0.9 | Q51: =$B51*Q18*$C51 -> 0.09 | AF51: 9.0054 | AW51: =$AF51*AW18 -> 1.260756 | AX51: =$AF51*AX18 -> 2.971782 | AY51: =$AF51*AY18 -> 2.25135 | AZ51: =$AF51*AZ18 -> 1.35081 | BA51: =$AF51*BA18 -> 0.630378 | BB51: =$AF51*BB18 -> 0.360216 | BC51: =$AF51*BC18 -> 0.180108
A52: Q2 25 | B52: 24 | C52: 0.5 | P52: =$B52*P19*$C52 -> 10.68 | Q52: =$B52*Q19*$C52 -> 1.2 | R52: =$B52*R19*$C52 -> 0.12 | AF52: 11.67 | AX52: =$AF52*AX19 -> 1.6338 | AY52: =$AF52*AY19 -> 3.8511 | AZ52: =$AF52*AZ19 -> 2.9175 | BA52: =$AF52*BA19 -> 1.7505 | BB52: =$AF52*BB19 -> 0.8169 | BC52: =$AF52*BC19 -> 0.4668 | BD52: =$AF52*BD19 -> 0.2334
A53: Q3 25 | B53: =average($B$48:$B$52)*1.2+'Brand Rollout'!D18/2 -> #REF! | C53: 0.55 | Q53: =$B53*Q20*$C53 -> #REF! | R53: =$B53*R20*$C53 -> #REF! | S53: =$B53*S20*$C53 -> #REF! | AF53: #REF! | AY53: =$AF53*AY20 -> #REF! | AZ53: =$AF53*AZ20 -> #REF! | BA53: =$AF53*BA20 -> #REF! | BB53: =$AF53*BB20 -> #REF! | BC53: =$AF53*BC20 -> #REF! | BD53: =$AF53*BD20 -> #REF! | BE53: =$AF53*BE20 -> #REF!
A54: Q4 25 | B54: =average($B$48:$B$52)*1.5+'Brand Rollout'!D19/2 -> #REF! | C54: 0.55 | R54: =$B54*R21*$C54 -> #REF! | S54: =$B54*S21*$C54 -> #REF! | T54: =$B54*T21*$C54 -> #REF! | AF54: #REF! | AZ54: =$AF54*AZ21 -> #REF! | BA54: =$AF54*BA21 -> #REF! | BB54: =$AF54*BB21 -> #REF! | BC54: =$AF54*BC21 -> #REF! | BD54: =$AF54*BD21 -> #REF! | BE54: =$AF54*BE21 -> #REF! | BF54: =$AF54*BF21 -> #REF!
A55: Q1 26 | B55: =average($B$48:$B$52)*1.5+'Brand Rollout'!D20/2 -> #REF! | C55: 0.55 | S55: =$B55*S22*$C55 -> #REF! | T55: =$B55*T22*$C55 -> #REF! | U55: =$B55*U22*$C55 -> #REF! | AF55: #REF! | BA55: =$AF55*BA22 -> #REF! | BB55: =$AF55*BB22 -> #REF! | BC55: =$AF55*BC22 -> #REF! | BD55: =$AF55*BD22 -> #REF! | BE55: =$AF55*BE22 -> #REF! | BF55: =$AF55*BF22 -> #REF! | BG55: =$AF55*BG22 -> #REF!
A56: Q2 26 | B56: =average($B$48:$B$52)*1.5+'Brand Rollout'!D21/2 -> #REF! | C56: 0.55 | T56: =$B56*T23*$C56 -> #REF! | U56: =$B56*U23*$C56 -> #REF! | V56: =$B56*V23*$C56 -> #REF! | AF56: #REF! | BB56: =$AF56*BB23 -> #REF! | BC56: =$AF56*BC23 -> #REF! | BD56: =$AF56*BD23 -> #REF! | BE56: =$AF56*BE23 -> #REF! | BF56: =$AF56*BF23 -> #REF! | BG56: =$AF56*BG23 -> #REF! | BH56: =$AF56*BH23 -> #REF!
A57: Q3 26 | B57: =average($B$48:$B$52)*1.7+'Brand Rollout'!D22/2 -> #REF! | C57: 0.55 | U57: =$B57*U24*$C57 -> #REF! | V57: =$B57*V24*$C57 -> #REF! | W57: =$B57*W24*$C57 -> #REF! | AF57: #REF! | BC57: =$AF57*BC24 -> #REF! | BD57: =$AF57*BD24 -> #REF! | BE57: =$AF57*BE24 -> #REF! | BF57: =$AF57*BF24 -> #REF! | BG57: =$AF57*BG24 -> #REF! | BH57: =$AF57*BH24 -> #REF! | BI57: =$AF57*BI24 -> #REF!
A58: Q4 26 | B58: =average($B$48:$B$52)*1.7+'Brand Rollout'!D23/2 -> #REF! | C58: 0.55 | V58: =$B58*V25*$C58 -> #REF! | W58: =$B58*W25*$C58 -> #REF! | X58: =$B58*X25*$C58 -> #REF! | AF58: #REF! | BD58: =$AF58*BD25 -> #REF! | BE58: =$AF58*BE25 -> #REF! | BF58: =$AF58*BF25 -> #REF! | BG58: =$AF58*BG25 -> #REF! | BH58: =$AF58*BH25 -> #REF! | BI58: =$AF58*BI25 -> #REF! | BJ58: =$AF58*BJ25 -> #REF!
A59: Q1 27 | B59: =average($B$48:$B$52)*1.7+'Brand Rollout'!D24/2 -> #REF! | C59: 0.55 | W59: =$B59*W26*$C59 -> #REF! | X59: =$B59*X26*$C59 -> #REF! | Y59: =$B59*Y26*$C59 -> #REF! | AF59: #REF! | BE59: =$AF59*BE26 -> #REF! | BF59: =$AF59*BF26 -> #REF! | BG59: =$AF59*BG26 -> #REF! | BH59: =$AF59*BH26 -> #REF! | BI59: =$AF59*BI26 -> #REF! | BJ59: =$AF59*BJ26 -> #REF! | BK59: =$AF59*BK26 -> #REF!
A60: Q2 27 | B60: =average($B$48:$B$52)*1.7+'Brand Rollout'!D25/2 -> #REF! | C60: 0.55 | X60: =$B60*X27*$C60 -> #REF! | Y60: =$B60*Y27*$C60 -> #REF! | Z60: =$B60*Z27*$C60 -> #REF! | AF60: #REF! | BF60: =$AF60*BF27 -> #REF! | BG60: =$AF60*BG27 -> #REF! | BH60: =$AF60*BH27 -> #REF! | BI60: =$AF60*BI27 -> #REF! | BJ60: =$AF60*BJ27 -> #REF! | BK60: =$AF60*BK27 -> #REF! | BL60: =$AF60*BL27 -> #REF!
A61: Q3 27 | B61: =average($B$48:$B$52)*2.2+'Brand Rollout'!D26/2 -> #REF! | C61: 0.55 | Y61: =$B61*Y28*$C61 -> #REF! | Z61: =$B61*Z28*$C61 -> #REF! | AA61: =$B61*AA28*$C61 -> #REF! | AF61: #REF! | BG61: =$AF61*BG28 -> #REF! | BH61: =$AF61*BH28 -> #REF! | BI61: =$AF61*BI28 -> #REF! | BJ61: =$AF61*BJ28 -> #REF! | BK61: =$AF61*BK28 -> #REF! | BL61: =$AF61*BL28 -> #REF!
A62: Q4 27 | B62: =average($B$48:$B$52)*2.2+'Brand Rollout'!D27/2 -> #REF! | C62: 0.55 | Z62: =$B62*Z29*$C62 -> #REF! | AA62: =$B62*AA29*$C62 -> #REF! | AB62: =$B62*AB29*$C62 -> #REF! | AF62: #REF! | BH62: =$AF62*BH29 -> #REF! | BI62: =$AF62*BI29 -> #REF! | BJ62: =$AF62*BJ29 -> #REF! | BK62: =$AF62*BK29 -> #REF! | BL62: =$AF62*BL29 -> #REF!
A63: Q1 28 | B63: =average($B$48:$B$52)*2.2+'Brand Rollout'!D28/2 -> #REF! | C63: 0.55 | AA63: =$B63*AA30*$C63 -> #REF! | AB63: =$B63*AB30*$C63 -> #REF! | AC63: =$B63*AC30*$C63 -> #REF! | AF63: #REF! | BI63: =$AF63*BI30 -> #REF! | BJ63: =$AF63*BJ30 -> #REF! | BK63: =$AF63*BK30 -> #REF! | BL63: =$AF63*BL30 -> #REF!
A64: Q2 28 | B64: =average($B$48:$B$52)*2.2+'Brand Rollout'!D29/2 -> #REF! | C64: 0.55 | AB64: =$B64*AB31*$C64 -> #REF! | AC64: =$B64*AC31*$C64 -> #REF! | AD64: =$B64*AD31*$C64 -> #REF! | AF64: #REF! | BJ64: =$AF64*BJ31 -> #REF! | BK64: =$AF64*BK31 -> #REF! | BL64: =$AF64*BL31 -> #REF!
A65: Q3 28 | B65: =average($B$48:$B$52)*2.2+'Brand Rollout'!D30/2 -> #REF! | C65: 0.55 | AC65: =$B65*AC32*$C65 -> #REF! | AD65: =$B65*AD32*$C65 -> #REF! | AF65: #REF! | BK65: =$AF65*BK32 -> #REF! | BL65: =$AF65*BL32 -> #REF!
A66: Q4 28 | B66: =average($B$48:$B$52)*2.2+'Brand Rollout'!D31/2 -> #REF! | C66: 0.55 | AD66: =$B66*AD33*$C66 -> #REF! | AF66: #REF! | BL66: =$AF66*BL33 -> #REF!
A67: Total Opps Created | D67: =sum(D39:D66) -> 9.1708235 | E67: =sum(E39:E66) -> 8.1988235 | F67: =sum(F39:F66) -> 8.2816235 | G67: =sum(G39:G66) -> 11.326094 | H67: =sum(H39:H66) -> 8.9440941 | I67: =sum(I39:I66) -> 9.7939412 | J67: =sum(J39:J66) -> 8.7676941 | K67: =sum(K39:K66) -> 10.577118 | ... AD67: =sum(AD39:AD66) -> #REF!
A68: Total Opps Worked | AG68: =sum(AG35:AG66) -> 0 | AH68: =sum(AH35:AH66) -> 0 | AI68: =sum(AI35:AI66) -> 0 | AJ68: =sum(AJ35:AJ66) -> 0 | AK68: =sum(AK35:AK66) -> 0 | AL68: =sum(AL35:AL66) -> 1.2839153 | AM68: =sum(AM35:AM66) -> 4.1742071 | AN68: =sum(AN35:AN66) -> 6.1577449 | ... BL68: =sum(BL35:BL66) -> #REF!
AW69: 10 | AX69: 13

Sheet Inbound Cascade NORAM
A1: Probability | D1: Q2 22 | E1: Q3 22 | F1: Q4 22 | G1: Q1 23 | H1: Q2 23 | I1: Q3 23 | J1: Q4 23 | K1: Q1 24 | L1: Q2 24 | M1: Q3 24 | N1: Q4 24 | O1: Q1 25 | P1: Q2 25 | Q1: Q3 25 | R1: Q4 25 | S1: {=transpose(A22:A33)} -> Q1 26 | T1: Q2 26 | U1: Q3 26 | V1: Q4 26 | W1: Q1 27 | X1: Q2 27 | Y1: Q3 27 | Z1: Q4 27 | AA1: Q1 28 | AB1: Q2 28 | AC1: Q3 28 | AD1: Q4 28 | AF1: Opps | AG1: Q1 21 | AH1: Q2 21 | AI1: Q3 21 | AJ1: Q4 21 | AK1: Q1 22 | AL1: Q2 22 | AM1: Q3 22 | AN1: Q4 22 | AO1: Q1 23 | AP1: Q2 23 | AQ1: Q3 23 | AR1: Q4 23 | AS1: Q1 24 | AT1: Q2 24 | AU1: Q3 24 | AV1: Q4 24 | AW1: Q1 25 | AX1: Q2 25 | AY1: Q3 25 | AZ1: Q4 25 | BA1: {=transpose(A22:A33)} -> Q1 26 | BB1: Q2 26 | BC1: Q3 26 | BD1: Q4 26 | BE1: Q1 27 | BF1: Q2 27 | BG1: Q3 27 | BH1: Q4 27 | BI1: Q1 28 | BJ1: Q2 28 | BK1: Q3 28 | BL1: Q4 28
A2: Q1 21 | AG2: 0.14 | AH2: 0.33 | AI2: 0.25 | AJ2: 0.15 | AK2: 0.07 | AL2: 0.04 | AM2: 0.02
A3: Q2 21 | AH3: 0.14 | AI3: 0.33 | AJ3: 0.25 | AK3: 0.15 | AL3: 0.07 | AM3: 0.04 | AN3: 0.02
A4: Q3 21 | AI4: 0.14 | AJ4: 0.33 | AK4: 0.25 | AL4: 0.15 | AM4: 0.07 | AN4: 0.04 | AO4: 0.02
A5: Q4 21 | AJ5: 0.14 | AK5: 0.33 | AL5: 0.25 | AM5: 0.15 | AN5: 0.07 | AO5: 0.04 | AP5: 0.02
A6: Q1 22 | D6: 0.1 | AK6: 0.14 | AL6: 0.33 | AM6: 0.25 | AN6: 0.15 | AO6: 0.07 | AP6: 0.04 | AQ6: 0.02
A7: Q2 22 | D7: =227/255 -> 0.89019608 | E7: 0.1 | F7: 0.01 | AL7: 0.14 | AM7: 0.33 | AN7: 0.25 | AO7: 0.15 | AP7: 0.07 | AQ7: 0.04 | AR7: 0.02
A8: Q3 22 | E8: =227/255 -> 0.89019608 | F8: 0.1 | G8: 0.01 | AM8: 0.14 | AN8: 0.33 | AO8: 0.25 | AP8: 0.15 | AQ8: 0.07 | AR8: 0.04 | AS8: 0.02
A9: Q4 22 | F9: =227/255 -> 0.89019608 | G9: 0.1 | H9: 0.01 | AN9: 0.14 | AO9: 0.33 | AP9: 0.25 | AQ9: 0.15 | AR9: 0.07 | AS9: 0.04 | AT9: 0.02
A10: Q1 23 | G10: =227/255 -> 0.89019608 | H10: 0.1 | I10: 0.01 | AO10: 0.14 | AP10: 0.33 | AQ10: 0.25 | AR10: 0.15 | AS10: 0.07 | AT10: 0.04 | AU10: 0.02
A11: Q2 23 | H11: =227/255 -> 0.89019608 | I11: 0.1 | J11: 0.01 | AP11: 0.14 | AQ11: 0.33 | AR11: 0.25 | AS11: 0.15 | AT11: 0.07 | AU11: 0.04 | AV11: 0.02
A12: Q3 23 | I12: =227/255 -> 0.89019608 | J12: 0.1 | K12: 0.01 | AQ12: 0.14 | AR12: 0.33 | AS12: 0.25 | AT12: 0.15 | AU12: 0.07 | AV12: 0.04 | AW12: 0.02
A13: Q4 23 | J13: =227/255 -> 0.89019608 | K13: 0.1 | L13: 0.01 | AR13: 0.14 | AS13: 0.33 | AT13: 0.25 | AU13: 0.15 | AV13: 0.07 | AW13: 0.04 | AX13: 0.02
A14: Q1 24 | K14: =227/255 -> 0.89019608 | L14: 0.1 | M14: 0.01 | AS14: 0.14 | AT14: 0.33 | AU14: 0.25 | AV14: 0.15 | AW14: 0.07 | AX14: 0.04 | AY14: 0.02
A15: Q2 24 | L15: =227/255 -> 0.89019608 | M15: 0.1 | N15: 0.01 | AT15: 0.14 | AU15: 0.33 | AV15: 0.25 | AW15: 0.15 | AX15: 0.07 | AY15: 0.04 | AZ15: 0.02
A16: Q3 24 | M16: =227/255 -> 0.89019608 | N16: 0.1 | O16: 0.01 | AU16: 0.14 | AV16: 0.33 | AW16: 0.25 | AX16: 0.15 | AY16: 0.07 | AZ16: 0.04 | BA16: 0.02
A17: Q4 24 | N17: 0.89 | O17: 0.1 | P17: 0.01 | AV17: 0.14 | AW17: 0.33 | AX17: 0.25 | AY17: 0.15 | AZ17: 0.07 | BA17: 0.04 | BB17: 0.02
A18: Q1 25 | O18: 0.89 | P18: 0.1 | Q18: 0.01 | AW18: 0.14 | AX18: 0.33 | AY18: 0.25 | AZ18: 0.15 | BA18: 0.07 | BB18: 0.04 | BC18: 0.02
A19: Q2 25 | P19: 0.89 | Q19: 0.1 | R19: 0.01 | AX19: 0.14 | AY19: 0.33 | AZ19: 0.25 | BA19: 0.15 | BB19: 0.07 | BC19: 0.04 | BD19: 0.02
A20: Q3 25 | Q20: 0.89 | R20: 0.1 | S20: 0.01 | AY20: 0.14 | AZ20: 0.33 | BA20: 0.25 | BB20: 0.15 | BC20: 0.07 | BD20: 0.04 | BE20: 0.02
A21: Q4 25 | R21: 0.89 | S21: 0.1 | T21: 0.01 | AZ21: 0.14 | BA21: 0.33 | BB21: 0.25 | BC21: 0.15 | BD21: 0.07 | BE21: 0.04 | BF21: 0.02
A22: Q1 26 | S22: =227/255 -> 0.89019608 | T22: 0.1 | U22: 0.01 | BA22: 0.14 | BB22: 0.33 | BC22: 0.25 | BD22: 0.15 | BE22: 0.07 | BF22: 0.04 | BG22: 0.02
A23: Q2 26 | T23: =227/255 -> 0.89019608 | U23: 0.1 | V23: 0.01 | BB23: 0.14 | BC23: 0.33 | BD23: 0.25 | BE23: 0.15 | BF23: 0.07 | BG23: 0.04 | BH23: 0.02
A24: Q3 26 | U24: =227/255 -> 0.89019608 | V24: 0.1 | W24: 0.01 | BC24: 0.14 | BD24: 0.33 | BE24: 0.25 | BF24: 0.15 | BG24: 0.07 | BH24: 0.04 | BI24: 0.02
A25: Q4 26 | V25: =227/255 -> 0.89019608 | W25: 0.1 | X25: 0.01 | BD25: 0.14 | BE25: 0.33 | BF25: 0.25 | BG25: 0.15 | BH25: 0.07 | BI25: 0.04 | BJ25: 0.02
A26: Q1 27 | W26: =227/255 -> 0.89019608 | X26: 0.1 | Y26: 0.01 | BE26: 0.14 | BF26: 0.33 | BG26: 0.25 | BH26: 0.15 | BI26: 0.07 | BJ26: 0.04 | BK26: 0.02
A27: Q2 27 | X27: =227/255 -> 0.89019608 | Y27: 0.1 | Z27: 0.01 | BF27: 0.14 | BG27: 0.33 | BH27: 0.25 | BI27: 0.15 | BJ27: 0.07 | BK27: 0.04 | BL27: 0.02
A28: Q3 27 | Y28: =227/255 -> 0.89019608 | Z28: 0.1 | AA28: 0.01 | BG28: 0.14 | BH28: 0.33 | BI28: 0.25 | BJ28: 0.15 | BK28: 0.07 | BL28: 0.04
A29: Q4 27 | Z29: 0.89 | AA29: 0.1 | AB29: 0.01 | BH29: 0.14 | BI29: 0.33 | BJ29: 0.25 | BK29: 0.15 | BL29: 0.07
A30: Q1 28 | AA30: 0.89 | AB30: 0.1 | AC30: 0.01 | BI30: 0.14 | BJ30: 0.33 | BK30: 0.25 | BL30: 0.15
A31: Q2 28 | AB31: 0.89 | AC31: 0.1 | AD31: 0.01 | BJ31: 0.14 | BK31: 0.33 | BL31: 0.25
A32: Q3 28 | AC32: 0.89 | AD32: 0.1 | BK32: 0.14 | BL32: 0.33
A33: Q4 28 | AD33: 0.89 | BL33: 0.14
B34: SQLs | C34: Conv | D34: Q2 22 | E34: Q3 22 | F34: Q4 22 | G34: Q1 23 | H34: Q2 23 | I34: Q3 23 | J34: Q4 23 | K34: Q1 24 | L34: Q2 24 | M34: Q3 24 | N34: Q4 24 | O34: Q1 25 | P34: Q2 25 | Q34: Q3 25 | R34: Q4 25 | AF34: Opps | AG34: Q1 21 | AH34: Q2 21 | AI34: Q3 21 | AJ34: Q4 21 | AK34: Q1 22 | AL34: Q2 22 | AM34: Q3 22 | AN34: Q4 22 | AO34: Q1 23 | AP34: Q2 23 | AQ34: Q3 23 | AR34: Q4 23 | AS34: Q1 24 | AT34: Q2 24 | AU34: Q3 24 | AV34: Q4 24
A35: Q1 21 | AF35: 0 | AG35: =$AF35*AG2 -> 0 | AH35: =$AF35*AH2 -> 0 | AI35: =$AF35*AI2 -> 0 | AJ35: =$AF35*AJ2 -> 0 | AK35: =$AF35*AK2 -> 0 | AL35: =$AF35*AL2 -> 0 | AM35: =$AF35*AM2 -> 0
A36: Q2 21 | AF36: 0 | AH36: =$AF36*AH3 -> 0 | AI36: =$AF36*AI3 -> 0 | AJ36: =$AF36*AJ3 -> 0 | AK36: =$AF36*AK3 -> 0 | AL36: =$AF36*AL3 -> 0 | AM36: =$AF36*AM3 -> 0 | AN36: =$AF36*AN3 -> 0
A37: Q3 21 | AF37: 0 | AI37: =$AF37*AI4 -> 0 | AJ37: =$AF37*AJ4 -> 0 | AK37: =$AF37*AK4 -> 0 | AL37: =$AF37*AL4 -> 0 | AM37: =$AF37*AM4 -> 0 | AN37: =$AF37*AN4 -> 0 | AO37: =$AF37*AO4 -> 0
A38: Q4 21 | AF38: 0 | AJ38: =$AF38*AJ5 -> 0 | AK38: =$AF38*AK5 -> 0 | AL38: =$AF38*AL5 -> 0 | AM38: =$AF38*AM5 -> 0 | AN38: =$AF38*AN5 -> 0 | AO38: =$AF38*AO5 -> 0 | AP38: =$AF38*AP5 -> 0
A39: Q1 22 | B39: 24 | C39: 0.45 | D39: =$B39*D6 -> 2.4 | AF39: 0 | AK39: =$AF39*AK6 -> 0 | AL39: =$AF39*AL6 -> 0 | AM39: =$AF39*AM6 -> 0 | AN39: =$AF39*AN6 -> 0 | AO39: =$AF39*AO6 -> 0 | AP39: =$AF39*AP6 -> 0 | AQ39: =$AF39*AQ6 -> 0
A40: Q2 22 | B40: 24 | C40: 0.44 | D40: =$B40*D7*$C40 -> 9.4004706 | E40: =$B40*E7*$C40 -> 1.056 | F40: =$B40*F7*$C40 -> 0.1056 | AF40: {=transpose(D67:AD67)} -> 11.800471 | AL40: =$AF40*AL7 -> 1.6520659 | AM40: =$AF40*AM7 -> 3.8941553 | AN40: =$AF40*AN7 -> 2.9501176 | AO40: =$AF40*AO7 -> 1.7700706 | AP40: =$AF40*AP7 -> 0.82603294 | AQ40: =$AF40*AQ7 -> 0.47201882 | AR40: =$AF40*AR7 -> 0.23600941
A41: Q3 22 | B41: 24 | C41: 0.44 | E41: =$B41*E8*$C41 -> 9.4004706 | F41: =$B41*F8*$C41 -> 1.056 | G41: =$B41*G8*$C41 -> 0.1056 | AF41: 10.456471 | AM41: =$AF41*AM8 -> 1.4639059 | AN41: =$AF41*AN8 -> 3.4506353 | AO41: =$AF41*AO8 -> 2.6141176 | AP41: =$AF41*AP8 -> 1.5684706 | AQ41: =$AF41*AQ8 -> 0.73195294 | AR41: =$AF41*AR8 -> 0.41825882 | AS41: =$AF41*AS8 -> 0.20912941
A42: Q4 22 | B42: 24 | C42: 0.44 | F42: =$B42*F9*$C42 -> 9.4004706 | G42: =$B42*G9*$C42 -> 1.056 | H42: =$B42*H9*$C42 -> 0.1056 | AF42: 10.562071 | AN42: =$AF42*AN9 -> 1.4786899 | AO42: =$AF42*AO9 -> 3.4854833 | AP42: =$AF42*AP9 -> 2.6405176 | AQ42: =$AF42*AQ9 -> 1.5843106 | AR42: =$AF42*AR9 -> 0.73934494 | AS42: =$AF42*AS9 -> 0.42248282 | AT42: =$AF42*AT9 -> 0.21124141
A43: Q1 23 | B43: 24 | C43: 0.625 | G43: =$B43*G10*$C43 -> 13.352941 | H43: =$B43*H10*$C43 -> 1.5 | I43: =$B43*I10*$C43 -> 0.15 | AF43: 14.514541 | AO43: =$AF43*AO10 -> 2.0320358 | AP43: =$AF43*AP10 -> 4.7897986 | AQ43: =$AF43*AQ10 -> 3.6286353 | AR43: =$AF43*AR10 -> 2.1771812 | AS43: =$AF43*AS10 -> 1.0160179 | AT43: =$AF43*AT10 -> 0.58058165 | AU43: =$AF43*AU10 -> 0.29029082
A44: Q2 23 | B44: 24 | C44: 0.44 | H44: =$B44*H11*$C44 -> 9.4004706 | I44: =$B44*I11*$C44 -> 1.056 | J44: =$B44*J11*$C44 -> 0.1056 | AF44: 11.006071 | AP44: =$AF44*AP11 -> 1.5408499 | AQ44: =$AF44*AQ11 -> 3.6320033 | AR44: =$AF44*AR11 -> 2.7515176 | AS44: =$AF44*AS11 -> 1.6509106 | AT44: =$AF44*AT11 -> 0.77042494 | AU44: =$AF44*AU11 -> 0.44024282 | AV44: =$AF44*AV11 -> 0.22012141
A45: Q3 23 | B45: 24 | C45: 0.48 | I45: =$B45*I12*$C45 -> 10.255059 | J45: =$B45*J12*$C45 -> 1.152 | K45: =$B45*K12*$C45 -> 0.1152 | AF45: 11.461059 | AQ45: =$AF45*AQ12 -> 1.6045482 | AR45: =$AF45*AR12 -> 3.7821494 | AS45: =$AF45*AS12 -> 2.8652647 | AT45: =$AF45*AT12 -> 1.7191588 | AU45: =$AF45*AU12 -> 0.80227412 | AV45: =$AF45*AV12 -> 0.45844235 | AW45: =$AF45*AW12 -> 0.22922118
A46: Q4 23 | B46: 24 | C46: 0.38 | J46: =$B46*J13*$C46 -> 8.1185882 | K46: =$B46*K13*$C46 -> 0.912 | L46: =$B46*L13*$C46 -> 0.0912 | AF46: 9.3761882 | AR46: =$AF46*AR13 -> 1.3126664 | AS46: =$AF46*AS13 -> 3.0941421 | AT46: =$AF46*AT13 -> 2.3440471 | AU46: =$AF46*AU13 -> 1.4064282 | AV46: =$AF46*AV13 -> 0.65633318 | AW46: =$AF46*AW13 -> 0.37504753 | AX46: =$AF46*AX13 -> 0.18752376
A47: Q1 24 | B47: 24 | C47: 0.35 | K47: =$B47*K14*$C47 -> 7.4776471 | L47: =$B47*L14*$C47 -> 0.84 | M47: =$B47*M14*$C47 -> 0.084 | AF47: 8.5048471 | AS47: =$AF47*AS14 -> 1.1906786 | AT47: =$AF47*AT14 -> 2.8065995 | AU47: =$AF47*AU14 -> 2.1262118 | AV47: =$AF47*AV14 -> 1.2757271 | AW47: =$AF47*AW14 -> 0.59533929 | AX47: =$AF47*AX14 -> 0.34019388 | AY47: =$AF47*AY14 -> 0.17009694
A48: Q2 24 | B48: 24 | C48: 0.32 | L48: =$B48*L15*$C48 -> 6.8367059 | M48: =$B48*M15*$C48 -> 0.768 | N48: =$B48*N15*$C48 -> 0.0768 | AF48: 7.7679059 | AT48: =$AF48*AT15 -> 1.0875068 | AU48: =$AF48*AU15 -> 2.5634089 | AV48: =$AF48*AV15 -> 1.9419765 | AW48: =$AF48*AW15 -> 1.1651859 | AX48: =$AF48*AX15 -> 0.54375341 | AY48: =$AF48*AY15 -> 0.31071624 | AZ48: =$AF48*AZ15 -> 0.15535812
A49: Q3 24 | B49: 24 | C49: 0.5 | M49: =$B49*M16*$C49 -> 10.682353 | N49: =$B49*N16*$C49 -> 1.2 | O49: =$B49*O16*$C49 -> 0.12 | AF49: 11.534353 | AU49: =$AF49*AU16 -> 1.6148094 | AV49: =$AF49*AV16 -> 3.8063365 | AW49: =$AF49*AW16 -> 2.8835882 | AX49: =$AF49*AX16 -> 1.7301529 | AY49: =$AF49*AY16 -> 0.80740471 | AZ49: =$AF49*AZ16 -> 0.46137412 | BA49: =$AF49*BA16 -> 0.23068706
A50: Q4 24 | B50: 24 | C50: 0.5 | N50: =$B50*N17*$C50 -> 10.68 | O50: =$B50*O17*$C50 -> 1.2 | P50: =$B50*P17*$C50 -> 0.12 | AF50: 11.9568 | AV50: =$AF50*AV17 -> 1.673952 | AW50: =$AF50*AW17 -> 3.945744 | AX50: =$AF50*AX17 -> 2.9892 | AY50: =$AF50*AY17 -> 1.79352 | AZ50: =$AF50*AZ17 -> 0.836976 | BA50: =$AF50*BA17 -> 0.478272 | BB50: =$AF50*BB17 -> 0.239136
A51: Q1 25 | B51: 24 | C51: 0.5 | O51: =$B51*O18*$C51 -> 10.68 | P51: =$B51*P18*$C51 -> 1.2 | Q51: =$B51*Q18*$C51 -> 0.12 | AF51: 12 | AW51: =$AF51*AW18 -> 1.68 | AX51: =$AF51*AX18 -> 3.96 | AY51: =$AF51*AY18 -> 3 | AZ51: =$AF51*AZ18 -> 1.8 | BA51: =$AF51*BA18 -> 0.84 | BB51: =$AF51*BB18 -> 0.48 | BC51: =$AF51*BC18 -> 0.24
A52: Q2 25 | B52: 31 | C52: 0.5 | P52: =$B52*P19*$C52 -> 13.795 | Q52: =$B52*Q19*$C52 -> 1.55 | R52: =$B52*R19*$C52 -> 0.155 | AF52: 15.115 | AX52: =$AF52*AX19 -> 2.1161 | AY52: =$AF52*AY19 -> 4.98795 | AZ52: =$AF52*AZ19 -> 3.77875 | BA52: =$AF52*BA19 -> 2.26725 | BB52: =$AF52*BB19 -> 1.05805 | BC52: =$AF52*BC19 -> 0.6046 | BD52: =$AF52*BD19 -> 0.3023
A53: Q3 25 | B53: =average($B$48:$B$52)*1.2+'Brand Rollout'!E18 -> #REF! | C53: 0.55 | Q53: =$B53*Q20*$C53 -> #REF! | R53: =$B53*R20*$C53 -> #REF! | S53: =$B53*S20*$C53 -> #REF! | AF53: #REF! | AY53: =$AF53*AY20 -> #REF! | AZ53: =$AF53*AZ20 -> #REF! | BA53: =$AF53*BA20 -> #REF! | BB53: =$AF53*BB20 -> #REF! | BC53: =$AF53*BC20 -> #REF! | BD53: =$AF53*BD20 -> #REF! | BE53: =$AF53*BE20 -> #REF!
A54: Q4 25 | B54: =average($B$48:$B$52)*1.5+'Brand Rollout'!E19 -> #REF! | C54: 0.55 | R54: =$B54*R21*$C54 -> #REF! | S54: =$B54*S21*$C54 -> #REF! | T54: =$B54*T21*$C54 -> #REF! | AF54: #REF! | AZ54: =$AF54*AZ21 -> #REF! | BA54: =$AF54*BA21 -> #REF! | BB54: =$AF54*BB21 -> #REF! | BC54: =$AF54*BC21 -> #REF! | BD54: =$AF54*BD21 -> #REF! | BE54: =$AF54*BE21 -> #REF! | BF54: =$AF54*BF21 -> #REF!
A55: Q1 26 | B55: =average($B$48:$B$52)*1.5+'Brand Rollout'!E20 -> #REF! | C55: 0.55 | S55: =$B55*S22*$C55 -> #REF! | T55: =$B55*T22*$C55 -> #REF! | U55: =$B55*U22*$C55 -> #REF! | AF55: #REF! | BA55: =$AF55*BA22 -> #REF! | BB55: =$AF55*BB22 -> #REF! | BC55: =$AF55*BC22 -> #REF! | BD55: =$AF55*BD22 -> #REF! | BE55: =$AF55*BE22 -> #REF! | BF55: =$AF55*BF22 -> #REF! | BG55: =$AF55*BG22 -> #REF!
A56: Q2 26 | B56: =average($B$48:$B$52)*1.5+'Brand Rollout'!E21 -> #REF! | C56: 0.55 | T56: =$B56*T23*$C56 -> #REF! | U56: =$B56*U23*$C56 -> #REF! | V56: =$B56*V23*$C56 -> #REF! | AF56: #REF! | BB56: =$AF56*BB23 -> #REF! | BC56: =$AF56*BC23 -> #REF! | BD56: =$AF56*BD23 -> #REF! | BE56: =$AF56*BE23 -> #REF! | BF56: =$AF56*BF23 -> #REF! | BG56: =$AF56*BG23 -> #REF! | BH56: =$AF56*BH23 -> #REF!
A57: Q3 26 | B57: =average($B$48:$B$52)*1.7+'Brand Rollout'!E22 -> #REF! | C57: 0.55 | U57: =$B57*U24*$C57 -> #REF! | V57: =$B57*V24*$C57 -> #REF! | W57: =$B57*W24*$C57 -> #REF! | AF57: #REF! | BC57: =$AF57*BC24 -> #REF! | BD57: =$AF57*BD24 -> #REF! | BE57: =$AF57*BE24 -> #REF! | BF57: =$AF57*BF24 -> #REF! | BG57: =$AF57*BG24 -> #REF! | BH57: =$AF57*BH24 -> #REF! | BI57: =$AF57*BI24 -> #REF!
A58: Q4 26 | B58: =average($B$48:$B$52)*1.7+'Brand Rollout'!E23 -> #REF! | C58: 0.55 | V58: =$B58*V25*$C58 -> #REF! | W58: =$B58*W25*$C58 -> #REF! | X58: =$B58*X25*$C58 -> #REF! | AF58: #REF! | BD58: =$AF58*BD25 -> #REF! | BE58: =$AF58*BE25 -> #REF! | BF58: =$AF58*BF25 -> #REF! | BG58: =$AF58*BG25 -> #REF! | BH58: =$AF58*BH25 -> #REF! | BI58: =$AF58*BI25 -> #REF! | BJ58: =$AF58*BJ25 -> #REF!
A59: Q1 27 | B59: =average($B$48:$B$52)*1.7+'Brand Rollout'!E24 -> #REF! | C59: 0.55 | W59: =$B59*W26*$C59 -> #REF! | X59: =$B59*X26*$C59 -> #REF! | Y59: =$B59*Y26*$C59 -> #REF! | AF59: #REF! | BE59: =$AF59*BE26 -> #REF! | BF59: =$AF59*BF26 -> #REF! | BG59: =$AF59*BG26 -> #REF! | BH59: =$AF59*BH26 -> #REF! | BI59: =$AF59*BI26 -> #REF! | BJ59: =$AF59*BJ26 -> #REF! | BK59: =$AF59*BK26 -> #REF!
A60: Q2 27 | B60: =average($B$48:$B$52)*1.7+'Brand Rollout'!E25 -> #REF! | C60: 0.55 | X60: =$B60*X27*$C60 -> #REF! | Y60: =$B60*Y27*$C60 -> #REF! | Z60: =$B60*Z27*$C60 -> #REF! | AF60: #REF! | BF60: =$AF60*BF27 -> #REF! | BG60: =$AF60*BG27 -> #REF! | BH60: =$AF60*BH27 -> #REF! | BI60: =$AF60*BI27 -> #REF! | BJ60: =$AF60*BJ27 -> #REF! | BK60: =$AF60*BK27 -> #REF! | BL60: =$AF60*BL27 -> #REF!
A61: Q3 27 | B61: =average($B$48:$B$52)*2.2+'Brand Rollout'!E26 -> #REF! | C61: 0.55 | Y61: =$B61*Y28*$C61 -> #REF! | Z61: =$B61*Z28*$C61 -> #REF! | AA61: =$B61*AA28*$C61 -> #REF! | AF61: #REF! | BG61: =$AF61*BG28 -> #REF! | BH61: =$AF61*BH28 -> #REF! | BI61: =$AF61*BI28 -> #REF! | BJ61: =$AF61*BJ28 -> #REF! | BK61: =$AF61*BK28 -> #REF! | BL61: =$AF61*BL28 -> #REF!
A62: Q4 27 | B62: =average($B$48:$B$52)*2.2+'Brand Rollout'!E27 -> #REF! | C62: 0.55 | Z62: =$B62*Z29*$C62 -> #REF! | AA62: =$B62*AA29*$C62 -> #REF! | AB62: =$B62*AB29*$C62 -> #REF! | AF62: #REF! | BH62: =$AF62*BH29 -> #REF! | BI62: =$AF62*BI29 -> #REF! | BJ62: =$AF62*BJ29 -> #REF! | BK62: =$AF62*BK29 -> #REF! | BL62: =$AF62*BL29 -> #REF!
A63: Q1 28 | B63: =average($B$48:$B$52)*2.2+'Brand Rollout'!E28 -> #REF! | C63: 0.55 | AA63: =$B63*AA30*$C63 -> #REF! | AB63: =$B63*AB30*$C63 -> #REF! | AC63: =$B63*AC30*$C63 -> #REF! | AF63: #REF! | BI63: =$AF63*BI30 -> #REF! | BJ63: =$AF63*BJ30 -> #REF! | BK63: =$AF63*BK30 -> #REF! | BL63: =$AF63*BL30 -> #REF!
A64: Q2 28 | B64: =average($B$48:$B$52)*2.2+'Brand Rollout'!E29 -> #REF! | C64: 0.55 | AB64: =$B64*AB31*$C64 -> #REF! | AC64: =$B64*AC31*$C64 -> #REF! | AD64: =$B64*AD31*$C64 -> #REF! | AF64: #REF! | BJ64: =$AF64*BJ31 -> #REF! | BK64: =$AF64*BK31 -> #REF! | BL64: =$AF64*BL31 -> #REF!
A65: Q3 28 | B65: =average($B$48:$B$52)*2.2+'Brand Rollout'!E30 -> #REF! | C65: 0.55 | AC65: =$B65*AC32*$C65 -> #REF! | AD65: =$B65*AD32*$C65 -> #REF! | AF65: #REF! | BK65: =$AF65*BK32 -> #REF! | BL65: =$AF65*BL32 -> #REF!
A66: Q4 28 | B66: =average($B$48:$B$52)*2.2+'Brand Rollout'!E31 -> #REF! | C66: 0.55 | AD66: =$B66*AD33*$C66 -> #REF! | AF66: #REF! | BL66: =$AF66*BL33 -> #REF!
A67: Total Opps Created | D67: =sum(D39:D66) -> 11.800471 | E67: =sum(E39:E66) -> 10.456471 | F67: =sum(F39:F66) -> 10.562071 | G67: =sum(G39:G66) -> 14.514541 | H67: =sum(H39:H66) -> 11.006071 | I67: =sum(I39:I66) -> 11.461059 | J67: =sum(J39:J66) -> 9.3761882 | K67: =sum(K39:K66) -> 8.5048471 | ... AD67: =sum(AD39:AD66) -> #REF!
A68: Total Opps Worked | AG68: =sum(AG35:AG66) -> 0 | AH68: =sum(AH35:AH66) -> 0 | AI68: =sum(AI35:AI66) -> 0 | AJ68: =sum(AJ35:AJ66) -> 0 | AK68: =sum(AK35:AK66) -> 0 | AL68: =sum(AL35:AL66) -> 1.6520659 | AM68: =sum(AM35:AM66) -> 5.3580612 | AN68: =sum(AN35:AN66) -> 7.8794428 | ... BL68: =sum(BL35:BL66) -> #REF!
AW69: 11 | AX69: 12

Sheet Events Cascade EMESA
A1: Probability | D1: Q2 22 | E1: Q3 22 | F1: Q4 22 | G1: Q1 23 | H1: Q2 23 | I1: Q3 23 | J1: Q4 23 | K1: Q1 24 | L1: Q2 24 | M1: Q3 24 | N1: Q4 24 | O1: Q1 25 | P1: Q2 25 | Q1: Q3 25 | R1: Q4 25 | S1: {=transpose(A22:A33)} -> Q1 26 | T1: Q2 26 | U1: Q3 26 | V1: Q4 26 | W1: Q1 27 | X1: Q2 27 | Y1: Q3 27 | Z1: Q4 27 | AA1: Q1 28 | AB1: Q2 28 | AC1: Q3 28 | AD1: Q4 28 | AF1: Opps | AG1: Q1 21 | AH1: Q2 21 | AI1: Q3 21 | AJ1: Q4 21 | AK1: Q1 22 | AL1: Q2 22 | AM1: Q3 22 | AN1: Q4 22 | AO1: Q1 23 | AP1: Q2 23 | AQ1: Q3 23 | AR1: Q4 23 | AS1: Q1 24 | AT1: Q2 24 | AU1: Q3 24 | AV1: Q4 24 | AW1: Q1 25 | AX1: Q2 25 | AY1: Q3 25 | AZ1: Q4 25 | BA1: {=transpose(A22:A33)} -> Q1 26 | BB1: Q2 26 | BC1: Q3 26 | BD1: Q4 26 | BE1: Q1 27 | BF1: Q2 27 | BG1: Q3 27 | BH1: Q4 27 | BI1: Q1 28 | BJ1: Q2 28 | BK1: Q3 28 | BL1: Q4 28
A2: Q1 21 | AG2: 0.14 | AH2: 0.33 | AI2: 0.25 | AJ2: 0.15 | AK2: 0.07 | AL2: 0.04 | AM2: 0.02
A3: Q2 21 | AH3: 0.14 | AI3: 0.33 | AJ3: 0.25 | AK3: 0.15 | AL3: 0.07 | AM3: 0.04 | AN3: 0.02
A4: Q3 21 | AI4: 0.14 | AJ4: 0.33 | AK4: 0.25 | AL4: 0.15 | AM4: 0.07 | AN4: 0.04 | AO4: 0.02
A5: Q4 21 | AJ5: 0.14 | AK5: 0.33 | AL5: 0.25 | AM5: 0.15 | AN5: 0.07 | AO5: 0.04 | AP5: 0.02
A6: Q1 22 | D6: 0.1 | AK6: 0.14 | AL6: 0.33 | AM6: 0.25 | AN6: 0.15 | AO6: 0.07 | AP6: 0.04 | AQ6: 0.02
A7: Q2 22 | D7: =227/255 -> 0.89019608 | E7: 0.1 | F7: 0.01 | AL7: 0.14 | AM7: 0.33 | AN7: 0.25 | AO7: 0.15 | AP7: 0.07 | AQ7: 0.04 | AR7: 0.02
A8: Q3 22 | E8: =227/255 -> 0.89019608 | F8: 0.1 | G8: 0.01 | AM8: 0.14 | AN8: 0.33 | AO8: 0.25 | AP8: 0.15 | AQ8: 0.07 | AR8: 0.04 | AS8: 0.02
A9: Q4 22 | F9: =227/255 -> 0.89019608 | G9: 0.1 | H9: 0.01 | AN9: 0.14 | AO9: 0.33 | AP9: 0.25 | AQ9: 0.15 | AR9: 0.07 | AS9: 0.04 | AT9: 0.02
A10: Q1 23 | G10: =227/255 -> 0.89019608 | H10: 0.1 | I10: 0.01 | AO10: 0.14 | AP10: 0.33 | AQ10: 0.25 | AR10: 0.15 | AS10: 0.07 | AT10: 0.04 | AU10: 0.02
A11: Q2 23 | H11: =227/255 -> 0.89019608 | I11: 0.1 | J11: 0.01 | AP11: 0.14 | AQ11: 0.33 | AR11: 0.25 | AS11: 0.15 | AT11: 0.07 | AU11: 0.04 | AV11: 0.02
A12: Q3 23 | I12: =227/255 -> 0.89019608 | J12: 0.1 | K12: 0.01 | AQ12: 0.14 | AR12: 0.33 | AS12: 0.25 | AT12: 0.15 | AU12: 0.07 | AV12: 0.04 | AW12: 0.02
A13: Q4 23 | J13: =227/255 -> 0.89019608 | K13: 0.1 | L13: 0.01 | AR13: 0.14 | AS13: 0.33 | AT13: 0.25 | AU13: 0.15 | AV13: 0.07 | AW13: 0.04 | AX13: 0.02
A14: Q1 24 | K14: =227/255 -> 0.89019608 | L14: 0.1 | M14: 0.01 | AS14: 0.14 | AT14: 0.33 | AU14: 0.25 | AV14: 0.15 | AW14: 0.07 | AX14: 0.04 | AY14: 0.02
A15: Q2 24 | L15: =227/255 -> 0.89019608 | M15: 0.1 | N15: 0.01 | AT15: 0.14 | AU15: 0.33 | AV15: 0.25 | AW15: 0.15 | AX15: 0.07 | AY15: 0.04 | AZ15: 0.02
A16: Q3 24 | M16: =227/255 -> 0.89019608 | N16: 0.1 | O16: 0.01 | AU16: 0.14 | AV16: 0.33 | AW16: 0.25 | AX16: 0.15 | AY16: 0.07 | AZ16: 0.04 | BA16: 0.02
A17: Q4 24 | N17: 0.89 | O17: 0.1 | P17: 0.01 | AV17: 0.14 | AW17: 0.33 | AX17: 0.25 | AY17: 0.15 | AZ17: 0.07 | BA17: 0.04 | BB17: 0.02
A18: Q1 25 | O18: 0.89 | P18: 0.1 | Q18: 0.01 | AW18: 0.14 | AX18: 0.33 | AY18: 0.25 | AZ18: 0.15 | BA18: 0.07 | BB18: 0.04 | BC18: 0.02
A19: Q2 25 | P19: 0.89 | Q19: 0.1 | R19: 0.01 | AX19: 0.14 | AY19: 0.33 | AZ19: 0.25 | BA19: 0.15 | BB19: 0.07 | BC19: 0.04 | BD19: 0.02
A20: Q3 25 | Q20: 0.89 | R20: 0.1 | S20: 0.01 | AY20: 0.14 | AZ20: 0.33 | BA20: 0.25 | BB20: 0.15 | BC20: 0.07 | BD20: 0.04 | BE20: 0.02
A21: Q4 25 | R21: 0.89 | S21: 0.1 | T21: 0.01 | AZ21: 0.14 | BA21: 0.33 | BB21: 0.25 | BC21: 0.15 | BD21: 0.07 | BE21: 0.04 | BF21: 0.02
A22: Q1 26 | S22: =227/255 -> 0.89019608 | T22: 0.1 | U22: 0.01 | BA22: 0.14 | BB22: 0.33 | BC22: 0.25 | BD22: 0.15 | BE22: 0.07 | BF22: 0.04 | BG22: 0.02
A23: Q2 26 | T23: =227/255 -> 0.89019608 | U23: 0.1 | V23: 0.01 | BB23: 0.14 | BC23: 0.33 | BD23: 0.25 | BE23: 0.15 | BF23: 0.07 | BG23: 0.04 | BH23: 0.02
A24: Q3 26 | U24: =227/255 -> 0.89019608 | V24: 0.1 | W24: 0.01 | BC24: 0.14 | BD24: 0.33 | BE24: 0.25 | BF24: 0.15 | BG24: 0.07 | BH24: 0.04 | BI24: 0.02
A25: Q4 26 | V25: =227/255 -> 0.89019608 | W25: 0.1 | X25: 0.01 | BD25: 0.14 | BE25: 0.33 | BF25: 0.25 | BG25: 0.15 | BH25: 0.07 | BI25: 0.04 | BJ25: 0.02
A26: Q1 27 | W26: =227/255 -> 0.89019608 | X26: 0.1 | Y26: 0.01 | BE26: 0.14 | BF26: 0.33 | BG26: 0.25 | BH26: 0.15 | BI26: 0.07 | BJ26: 0.04 | BK26: 0.02
A27: Q2 27 | X27: =227/255 -> 0.89019608 | Y27: 0.1 | Z27: 0.01 | BF27: 0.14 | BG27: 0.33 | BH27: 0.25 | BI27: 0.15 | BJ27: 0.07 | BK27: 0.04 | BL27: 0.02
A28: Q3 27 | Y28: =227/255 -> 0.89019608 | Z28: 0.1 | AA28: 0.01 | BG28: 0.14 | BH28: 0.33 | BI28: 0.25 | BJ28: 0.15 | BK28: 0.07 | BL28: 0.04
A29: Q4 27 | Z29: 0.89 | AA29: 0.1 | AB29: 0.01 | BH29: 0.14 | BI29: 0.33 | BJ29: 0.25 | BK29: 0.15 | BL29: 0.07
A30: Q1 28 | AA30: 0.89 | AB30: 0.1 | AC30: 0.01 | BI30: 0.14 | BJ30: 0.33 | BK30: 0.25 | BL30: 0.15
A31: Q2 28 | AB31: 0.89 | AC31: 0.1 | AD31: 0.01 | BJ31: 0.14 | BK31: 0.33 | BL31: 0.25
A32: Q3 28 | AC32: 0.89 | AD32: 0.1 | BK32: 0.14 | BL32: 0.33
A33: Q4 28 | AD33: 0.89 | BL33: 0.14
B34: SQLs | C34: Conv | D34: Q2 22 | E34: Q3 22 | F34: Q4 22 | G34: Q1 23 | H34: Q2 23 | I34: Q3 23 | J34: Q4 23 | K34: Q1 24 | L34: Q2 24 | M34: Q3 24 | N34: Q4 24 | O34: Q1 25 | P34: Q2 25 | Q34: Q3 25 | R34: Q4 25 | AF34: Opps | AG34: Q1 21 | AH34: Q2 21 | AI34: Q3 21 | AJ34: Q4 21 | AK34: Q1 22 | AL34: Q2 22 | AM34: Q3 22 | AN34: Q4 22 | AO34: Q1 23 | AP34: Q2 23 | AQ34: Q3 23 | AR34: Q4 23 | AS34: Q1 24 | AT34: Q2 24 | AU34: Q3 24 | AV34: Q4 24
A35: Q1 21 | AF35: 0 | AG35: =$AF35*AG2 -> 0 | AH35: =$AF35*AH2 -> 0 | AI35: =$AF35*AI2 -> 0 | AJ35: =$AF35*AJ2 -> 0 | AK35: =$AF35*AK2 -> 0 | AL35: =$AF35*AL2 -> 0 | AM35: =$AF35*AM2 -> 0
A36: Q2 21 | AF36: 0 | AH36: =$AF36*AH3 -> 0 | AI36: =$AF36*AI3 -> 0 | AJ36: =$AF36*AJ3 -> 0 | AK36: =$AF36*AK3 -> 0 | AL36: =$AF36*AL3 -> 0 | AM36: =$AF36*AM3 -> 0 | AN36: =$AF36*AN3 -> 0
A37: Q3 21 | AF37: 0 | AI37: =$AF37*AI4 -> 0 | AJ37: =$AF37*AJ4 -> 0 | AK37: =$AF37*AK4 -> 0 | AL37: =$AF37*AL4 -> 0 | AM37: =$AF37*AM4 -> 0 | AN37: =$AF37*AN4 -> 0 | AO37: =$AF37*AO4 -> 0
A38: Q4 21 | AF38: 0 | AJ38: =$AF38*AJ5 -> 0 | AK38: =$AF38*AK5 -> 0 | AL38: =$AF38*AL5 -> 0 | AM38: =$AF38*AM5 -> 0 | AN38: =$AF38*AN5 -> 0 | AO38: =$AF38*AO5 -> 0 | AP38: =$AF38*AP5 -> 0
A39: Q1 22 | D39: =$B39*D6 -> 0 | AF39: 0 | AK39: =$AF39*AK6 -> 0 | AL39: =$AF39*AL6 -> 0 | AM39: =$AF39*AM6 -> 0 | AN39: =$AF39*AN6 -> 0 | AO39: =$AF39*AO6 -> 0 | AP39: =$AF39*AP6 -> 0 | AQ39: =$AF39*AQ6 -> 0
A40: Q2 22 | D40: =$B40*D7*$C40 -> 0 | E40: =$B40*E7*$C40 -> 0 | F40: =$B40*F7*$C40 -> 0 | AF40: {=transpose(D67:AD67)} -> 0 | AL40: =$AF40*AL7 -> 0 | AM40: =$AF40*AM7 -> 0 | AN40: =$AF40*AN7 -> 0 | AO40: =$AF40*AO7 -> 0 | AP40: =$AF40*AP7 -> 0 | AQ40: =$AF40*AQ7 -> 0 | AR40: =$AF40*AR7 -> 0
A41: Q3 22 | E41: =$B41*E8*$C41 -> 0 | F41: =$B41*F8*$C41 -> 0 | G41: =$B41*G8*$C41 -> 0 | AF41: 0 | AM41: =$AF41*AM8 -> 0 | AN41: =$AF41*AN8 -> 0 | AO41: =$AF41*AO8 -> 0 | AP41: =$AF41*AP8 -> 0 | AQ41: =$AF41*AQ8 -> 0 | AR41: =$AF41*AR8 -> 0 | AS41: =$AF41*AS8 -> 0
A42: Q4 22 | F42: =$B42*F9*$C42 -> 0 | G42: =$B42*G9*$C42 -> 0 | H42: =$B42*H9*$C42 -> 0 | AF42: 0 | AN42: =$AF42*AN9 -> 0 | AO42: =$AF42*AO9 -> 0 | AP42: =$AF42*AP9 -> 0 | AQ42: =$AF42*AQ9 -> 0 | AR42: =$AF42*AR9 -> 0 | AS42: =$AF42*AS9 -> 0 | AT42: =$AF42*AT9 -> 0
A43: Q1 23 | G43: =$B43*G10*$C43 -> 0 | H43: =$B43*H10*$C43 -> 0 | I43: =$B43*I10*$C43 -> 0 | AF43: 0 | AO43: =$AF43*AO10 -> 0 | AP43: =$AF43*AP10 -> 0 | AQ43: =$AF43*AQ10 -> 0 | AR43: =$AF43*AR10 -> 0 | AS43: =$AF43*AS10 -> 0 | AT43: =$AF43*AT10 -> 0 | AU43: =$AF43*AU10 -> 0
A44: Q2 23 | H44: =$B44*H11*$C44 -> 0 | I44: =$B44*I11*$C44 -> 0 | J44: =$B44*J11*$C44 -> 0 | AF44: 0 | AP44: =$AF44*AP11 -> 0 | AQ44: =$AF44*AQ11 -> 0 | AR44: =$AF44*AR11 -> 0 | AS44: =$AF44*AS11 -> 0 | AT44: =$AF44*AT11 -> 0 | AU44: =$AF44*AU11 -> 0 | AV44: =$AF44*AV11 -> 0
A45: Q3 23 | I45: =$B45*I12*$C45 -> 0 | J45: =$B45*J12*$C45 -> 0 | K45: =$B45*K12*$C45 -> 0 | AF45: 0 | AQ45: =$AF45*AQ12 -> 0 | AR45: =$AF45*AR12 -> 0 | AS45: =$AF45*AS12 -> 0 | AT45: =$AF45*AT12 -> 0 | AU45: =$AF45*AU12 -> 0 | AV45: =$AF45*AV12 -> 0 | AW45: =$AF45*AW12 -> 0
A46: Q4 23 | J46: =$B46*J13*$C46 -> 0 | K46: =$B46*K13*$C46 -> 0 | L46: =$B46*L13*$C46 -> 0 | AF46: 0 | AR46: =$AF46*AR13 -> 0 | AS46: =$AF46*AS13 -> 0 | AT46: =$AF46*AT13 -> 0 | AU46: =$AF46*AU13 -> 0 | AV46: =$AF46*AV13 -> 0 | AW46: =$AF46*AW13 -> 0 | AX46: =$AF46*AX13 -> 0
A47: Q1 24 | K47: =$B47*K14*$C47 -> 0 | L47: =$B47*L14*$C47 -> 0 | M47: =$B47*M14*$C47 -> 0 | AF47: 0 | AS47: =$AF47*AS14 -> 0 | AT47: =$AF47*AT14 -> 0 | AU47: =$AF47*AU14 -> 0 | AV47: =$AF47*AV14 -> 0 | AW47: =$AF47*AW14 -> 0 | AX47: =$AF47*AX14 -> 0 | AY47: =$AF47*AY14 -> 0
A48: Q2 24 | L48: =$B48*L15*$C48 -> 0 | M48: =$B48*M15*$C48 -> 0 | N48: =$B48*N15*$C48 -> 0 | AF48: 0 | AT48: =$AF48*AT15 -> 0 | AU48: =$AF48*AU15 -> 0 | AV48: =$AF48*AV15 -> 0 | AW48: =$AF48*AW15 -> 0 | AX48: =$AF48*AX15 -> 0 | AY48: =$AF48*AY15 -> 0 | AZ48: =$AF48*AZ15 -> 0
A49: Q3 24 | M49: =$B49*M16*$C49 -> 0 | N49: =$B49*N16*$C49 -> 0 | O49: =$B49*O16*$C49 -> 0 | AF49: 0 | AU49: =$AF49*AU16 -> 0 | AV49: =$AF49*AV16 -> 0 | AW49: =$AF49*AW16 -> 0 | AX49: =$AF49*AX16 -> 0 | AY49: =$AF49*AY16 -> 0 | AZ49: =$AF49*AZ16 -> 0 | BA49: =$AF49*BA16 -> 0
A50: Q4 24 | B50: 26 | C50: 0.15 | N50: =$B50*N17*$C50 -> 3.471 | O50: =$B50*O17*$C50 -> 0.39 | P50: =$B50*P17*$C50 -> 0.039 | AF50: 3.471 | AV50: =$AF50*AV17 -> 0.48594 | AW50: =$AF50*AW17 -> 1.14543 | AX50: =$AF50*AX17 -> 0.86775 | AY50: =$AF50*AY17 -> 0.52065 | AZ50: =$AF50*AZ17 -> 0.24297 | BA50: =$AF50*BA17 -> 0.13884 | BB50: =$AF50*BB17 -> 0.06942
A51: Q1 25 | B51: 10 | C51: 0.15 | O51: =$B51*O18*$C51 -> 1.335 | P51: =$B51*P18*$C51 -> 0.15 | Q51: =$B51*Q18*$C51 -> 0.015 | AF51: 1.725 | AW51: =$AF51*AW18 -> 0.2415 | AX51: =$AF51*AX18 -> 0.56925 | AY51: =$AF51*AY18 -> 0.43125 | AZ51: =$AF51*AZ18 -> 0.25875 | BA51: =$AF51*BA18 -> 0.12075 | BB51: =$AF51*BB18 -> 0.069 | BC51: =$AF51*BC18 -> 0.0345
A52: Q2 25 | B52: 10 | C52: 0.15 | P52: =$B52*P19*$C52 -> 1.335 | Q52: =$B52*Q19*$C52 -> 0.15 | R52: =$B52*R19*$C52 -> 0.015 | AF52: 1.524 | AX52: =$AF52*AX19 -> 0.21336 | AY52: =$AF52*AY19 -> 0.50292 | AZ52: =$AF52*AZ19 -> 0.381 | BA52: =$AF52*BA19 -> 0.2286 | BB52: =$AF52*BB19 -> 0.10668 | BC52: =$AF52*BC19 -> 0.06096 | BD52: =$AF52*BD19 -> 0.03048
A53: Q3 25 | B53: 15 | C53: 0.15 | Q53: =$B53*Q20*$C53 -> 2.0025 | R53: =$B53*R20*$C53 -> 0.225 | S53: =$B53*S20*$C53 -> 0.0225 | AF53: 2.1675 | AY53: =$AF53*AY20 -> 0.30345 | AZ53: =$AF53*AZ20 -> 0.715275 | BA53: =$AF53*BA20 -> 0.541875 | BB53: =$AF53*BB20 -> 0.325125 | BC53: =$AF53*BC20 -> 0.151725 | BD53: =$AF53*BD20 -> 0.0867 | BE53: =$AF53*BE20 -> 0.04335
A54: Q4 25 | B54: 15 | C54: 0.15 | R54: =$B54*R21*$C54 -> 2.0025 | S54: =$B54*S21*$C54 -> 0.225 | T54: =$B54*T21*$C54 -> 0.0225 | AF54: 2.2425 | AZ54: =$AF54*AZ21 -> 0.31395 | BA54: =$AF54*BA21 -> 0.740025 | BB54: =$AF54*BB21 -> 0.560625 | BC54: =$AF54*BC21 -> 0.336375 | BD54: =$AF54*BD21 -> 0.156975 | BE54: =$AF54*BE21 -> 0.0897 | BF54: =$AF54*BF21 -> 0.04485
A55: Q1 26 | B55: 15 | C55: 0.15 | S55: =$B55*S22*$C55 -> 2.0029412 | T55: =$B55*T22*$C55 -> 0.225 | U55: =$B55*U22*$C55 -> 0.0225 | AF55: 2.2504412 | BA55: =$AF55*BA22 -> 0.31506176 | BB55: =$AF55*BB22 -> 0.74264559 | BC55: =$AF55*BC22 -> 0.56261029 | BD55: =$AF55*BD22 -> 0.33756618 | BE55: =$AF55*BE22 -> 0.15753088 | BF55: =$AF55*BF22 -> 0.090017647 | BG55: =$AF55*BG22 -> 0.045008824
A56: Q2 26 | B56: 15 | C56: 0.15 | T56: =$B56*T23*$C56 -> 2.0029412 | U56: =$B56*U23*$C56 -> 0.225 | V56: =$B56*V23*$C56 -> 0.0225 | AF56: 2.2504412 | BB56: =$AF56*BB23 -> 0.31506176 | BC56: =$AF56*BC23 -> 0.74264559 | BD56: =$AF56*BD23 -> 0.56261029 | BE56: =$AF56*BE23 -> 0.33756618 | BF56: =$AF56*BF23 -> 0.15753088 | BG56: =$AF56*BG23 -> 0.090017647 | BH56: =$AF56*BH23 -> 0.045008824
A57: Q3 26 | B57: 15 | C57: 0.15 | U57: =$B57*U24*$C57 -> 2.0029412 | V57: =$B57*V24*$C57 -> 0.225 | W57: =$B57*W24*$C57 -> 0.0225 | AF57: 2.2504412 | BC57: =$AF57*BC24 -> 0.31506176 | BD57: =$AF57*BD24 -> 0.74264559 | BE57: =$AF57*BE24 -> 0.56261029 | BF57: =$AF57*BF24 -> 0.33756618 | BG57: =$AF57*BG24 -> 0.15753088 | BH57: =$AF57*BH24 -> 0.090017647 | BI57: =$AF57*BI24 -> 0.045008824
A58: Q4 26 | B58: 15 | C58: 0.15 | V58: =$B58*V25*$C58 -> 2.0029412 | W58: =$B58*W25*$C58 -> 0.225 | X58: =$B58*X25*$C58 -> 0.0225 | AF58: 2.2504412 | BD58: =$AF58*BD25 -> 0.31506176 | BE58: =$AF58*BE25 -> 0.74264559 | BF58: =$AF58*BF25 -> 0.56261029 | BG58: =$AF58*BG25 -> 0.33756618 | BH58: =$AF58*BH25 -> 0.15753088 | BI58: =$AF58*BI25 -> 0.090017647 | BJ58: =$AF58*BJ25 -> 0.045008824
A59: Q1 27 | B59: 15 | C59: 0.15 | W59: =$B59*W26*$C59 -> 2.0029412 | X59: =$B59*X26*$C59 -> 0.225 | Y59: =$B59*Y26*$C59 -> 0.0225 | AF59: 2.2504412 | BE59: =$AF59*BE26 -> 0.31506176 | BF59: =$AF59*BF26 -> 0.74264559 | BG59: =$AF59*BG26 -> 0.56261029 | BH59: =$AF59*BH26 -> 0.33756618 | BI59: =$AF59*BI26 -> 0.15753088 | BJ59: =$AF59*BJ26 -> 0.090017647 | BK59: =$AF59*BK26 -> 0.045008824
A60: Q2 27 | B60: 15 | C60: 0.15 | X60: =$B60*X27*$C60 -> 2.0029412 | Y60: =$B60*Y27*$C60 -> 0.225 | Z60: =$B60*Z27*$C60 -> 0.0225 | AF60: 2.2504412 | BF60: =$AF60*BF27 -> 0.31506176 | BG60: =$AF60*BG27 -> 0.74264559 | BH60: =$AF60*BH27 -> 0.56261029 | BI60: =$AF60*BI27 -> 0.33756618 | BJ60: =$AF60*BJ27 -> 0.15753088 | BK60: =$AF60*BK27 -> 0.090017647 | BL60: =$AF60*BL27 -> 0.045008824
A61: Q3 27 | B61: 15 | C61: 0.15 | Y61: =$B61*Y28*$C61 -> 2.0029412 | Z61: =$B61*Z28*$C61 -> 0.225 | AA61: =$B61*AA28*$C61 -> 0.0225 | AF61: 2.2504412 | BG61: =$AF61*BG28 -> 0.31506176 | BH61: =$AF61*BH28 -> 0.74264559 | BI61: =$AF61*BI28 -> 0.56261029 | BJ61: =$AF61*BJ28 -> 0.33756618 | BK61: =$AF61*BK28 -> 0.15753088 | BL61: =$AF61*BL28 -> 0.090017647
A62: Q4 27 | B62: 15 | C62: 0.15 | Z62: =$B62*Z29*$C62 -> 2.0025 | AA62: =$B62*AA29*$C62 -> 0.225 | AB62: =$B62*AB29*$C62 -> 0.0225 | AF62: 2.25 | BH62: =$AF62*BH29 -> 0.315 | BI62: =$AF62*BI29 -> 0.7425 | BJ62: =$AF62*BJ29 -> 0.5625 | BK62: =$AF62*BK29 -> 0.3375 | BL62: =$AF62*BL29 -> 0.1575
A63: Q1 28 | B63: 15 | C63: 0.15 | AA63: =$B63*AA30*$C63 -> 2.0025 | AB63: =$B63*AB30*$C63 -> 0.225 | AC63: =$B63*AC30*$C63 -> 0.0225 | AF63: 2.25 | BI63: =$AF63*BI30 -> 0.315 | BJ63: =$AF63*BJ30 -> 0.7425 | BK63: =$AF63*BK30 -> 0.5625 | BL63: =$AF63*BL30 -> 0.3375
A64: Q2 28 | B64: 15 | C64: 0.15 | AB64: =$B64*AB31*$C64 -> 2.0025 | AC64: =$B64*AC31*$C64 -> 0.225 | AD64: =$B64*AD31*$C64 -> 0.0225 | AF64: 2.25 | BJ64: =$AF64*BJ31 -> 0.315 | BK64: =$AF64*BK31 -> 0.7425 | BL64: =$AF64*BL31 -> 0.5625
A65: Q3 28 | B65: 15 | C65: 0.15 | AC65: =$B65*AC32*$C65 -> 2.0025 | AD65: =$B65*AD32*$C65 -> 0.225 | AF65: 2.25 | BK65: =$AF65*BK32 -> 0.315 | BL65: =$AF65*BL32 -> 0.7425
A66: Q4 28 | B66: 15 | C66: 0.15 | AD66: =$B66*AD33*$C66 -> 2.0025 | AF66: 2.25 | BL66: =$AF66*BL33 -> 0.315
A67: Total Opps Created | D67: =sum(D39:D66) -> 0 | E67: =sum(E39:E66) -> 0 | F67: =sum(F39:F66) -> 0 | G67: =sum(G39:G66) -> 0 | H67: =sum(H39:H66) -> 0 | I67: =sum(I39:I66) -> 0 | J67: =sum(J39:J66) -> 0 | K67: =sum(K39:K66) -> 0 | ... AD67: =sum(AD39:AD66) -> 2.25
A68: Total Opps Worked | AG68: =sum(AG35:AG66) -> 0 | AH68: =sum(AH35:AH66) -> 0 | AI68: =sum(AI35:AI66) -> 0 | AJ68: =sum(AJ35:AJ66) -> 0 | AK68: =sum(AK35:AK66) -> 0 | AL68: =sum(AL35:AL66) -> 0 | AM68: =sum(AM35:AM66) -> 0 | AN68: =sum(AN35:AN66) -> 0 | ... BL68: =sum(BL35:BL66) -> 2.2500265
AW69: 6 | AX69: 2

Sheet Events Cascade NORAM
A1: Probability | D1: Q2 22 | E1: Q3 22 | F1: Q4 22 | G1: Q1 23 | H1: Q2 23 | I1: Q3 23 | J1: Q4 23 | K1: Q1 24 | L1: Q2 24 | M1: Q3 24 | N1: Q4 24 | O1: Q1 25 | P1: Q2 25 | Q1: Q3 25 | R1: Q4 25 | S1: {=transpose(A22:A33)} -> Q1 26 | T1: Q2 26 | U1: Q3 26 | V1: Q4 26 | W1: Q1 27 | X1: Q2 27 | Y1: Q3 27 | Z1: Q4 27 | AA1: Q1 28 | AB1: Q2 28 | AC1: Q3 28 | AD1: Q4 28 | AF1: Opps | AG1: Q1 21 | AH1: Q2 21 | AI1: Q3 21 | AJ1: Q4 21 | AK1: Q1 22 | AL1: Q2 22 | AM1: Q3 22 | AN1: Q4 22 | AO1: Q1 23 | AP1: Q2 23 | AQ1: Q3 23 | AR1: Q4 23 | AS1: Q1 24 | AT1: Q2 24 | AU1: Q3 24 | AV1: Q4 24 | AW1: Q1 25 | AX1: Q2 25 | AY1: Q3 25 | AZ1: Q4 25 | BA1: {=transpose(A22:A33)} -> Q1 26 | BB1: Q2 26 | BC1: Q3 26 | BD1: Q4 26 | BE1: Q1 27 | BF1: Q2 27 | BG1: Q3 27 | BH1: Q4 27 | BI1: Q1 28 | BJ1: Q2 28 | BK1: Q3 28 | BL1: Q4 28
A2: Q1 21 | AG2: 0.14 | AH2: 0.33 | AI2: 0.25 | AJ2: 0.15 | AK2: 0.07 | AL2: 0.04 | AM2: 0.02
A3: Q2 21 | AH3: 0.14 | AI3: 0.33 | AJ3: 0.25 | AK3: 0.15 | AL3: 0.07 | AM3: 0.04 | AN3: 0.02
A4: Q3 21 | AI4: 0.14 | AJ4: 0.33 | AK4: 0.25 | AL4: 0.15 | AM4: 0.07 | AN4: 0.04 | AO4: 0.02
A5: Q4 21 | AJ5: 0.14 | AK5: 0.33 | AL5: 0.25 | AM5: 0.15 | AN5: 0.07 | AO5: 0.04 | AP5: 0.02
A6: Q1 22 | D6: 0.1 | AK6: 0.14 | AL6: 0.33 | AM6: 0.25 | AN6: 0.15 | AO6: 0.07 | AP6: 0.04 | AQ6: 0.02
A7: Q2 22 | D7: =227/255 -> 0.89019608 | E7: 0.1 | F7: 0.01 | AL7: 0.14 | AM7: 0.33 | AN7: 0.25 | AO7: 0.15 | AP7: 0.07 | AQ7: 0.04 | AR7: 0.02
A8: Q3 22 | E8: =227/255 -> 0.89019608 | F8: 0.1 | G8: 0.01 | AM8: 0.14 | AN8: 0.33 | AO8: 0.25 | AP8: 0.15 | AQ8: 0.07 | AR8: 0.04 | AS8: 0.02
A9: Q4 22 | F9: =227/255 -> 0.89019608 | G9: 0.1 | H9: 0.01 | AN9: 0.14 | AO9: 0.33 | AP9: 0.25 | AQ9: 0.15 | AR9: 0.07 | AS9: 0.04 | AT9: 0.02
A10: Q1 23 | G10: =227/255 -> 0.89019608 | H10: 0.1 | I10: 0.01 | AO10: 0.14 | AP10: 0.33 | AQ10: 0.25 | AR10: 0.15 | AS10: 0.07 | AT10: 0.04 | AU10: 0.02
A11: Q2 23 | H11: =227/255 -> 0.89019608 | I11: 0.1 | J11: 0.01 | AP11: 0.14 | AQ11: 0.33 | AR11: 0.25 | AS11: 0.15 | AT11: 0.07 | AU11: 0.04 | AV11: 0.02
A12: Q3 23 | I12: =227/255 -> 0.89019608 | J12: 0.1 | K12: 0.01 | AQ12: 0.14 | AR12: 0.33 | AS12: 0.25 | AT12: 0.15 | AU12: 0.07 | AV12: 0.04 | AW12: 0.02
A13: Q4 23 | J13: =227/255 -> 0.89019608 | K13: 0.1 | L13: 0.01 | AR13: 0.14 | AS13: 0.33 | AT13: 0.25 | AU13: 0.15 | AV13: 0.07 | AW13: 0.04 | AX13: 0.02
A14: Q1 24 | K14: =227/255 -> 0.89019608 | L14: 0.1 | M14: 0.01 | AS14: 0.14 | AT14: 0.33 | AU14: 0.25 | AV14: 0.15 | AW14: 0.07 | AX14: 0.04 | AY14: 0.02
A15: Q2 24 | L15: =227/255 -> 0.89019608 | M15: 0.1 | N15: 0.01 | AT15: 0.14 | AU15: 0.33 | AV15: 0.25 | AW15: 0.15 | AX15: 0.07 | AY15: 0.04 | AZ15: 0.02
A16: Q3 24 | M16: =227/255 -> 0.89019608 | N16: 0.1 | O16: 0.01 | AU16: 0.14 | AV16: 0.33 | AW16: 0.25 | AX16: 0.15 | AY16: 0.07 | AZ16: 0.04 | BA16: 0.02
A17: Q4 24 | N17: 0.89 | O17: 0.1 | P17: 0.01 | AV17: 0.14 | AW17: 0.33 | AX17: 0.25 | AY17: 0.15 | AZ17: 0.07 | BA17: 0.04 | BB17: 0.02
A18: Q1 25 | O18: 0.89 | P18: 0.1 | Q18: 0.01 | AW18: 0.14 | AX18: 0.33 | AY18: 0.25 | AZ18: 0.15 | BA18: 0.07 | BB18: 0.04 | BC18: 0.02
A19: Q2 25 | P19: 0.89 | Q19: 0.1 | R19: 0.01 | AX19: 0.14 | AY19: 0.33 | AZ19: 0.25 | BA19: 0.15 | BB19: 0.07 | BC19: 0.04 | BD19: 0.02
A20: Q3 25 | Q20: 0.89 | R20: 0.1 | S20: 0.01 | AY20: 0.14 | AZ20: 0.33 | BA20: 0.25 | BB20: 0.15 | BC20: 0.07 | BD20: 0.04 | BE20: 0.02
A21: Q4 25 | R21: 0.89 | S21: 0.1 | T21: 0.01 | AZ21: 0.14 | BA21: 0.33 | BB21: 0.25 | BC21: 0.15 | BD21: 0.07 | BE21: 0.04 | BF21: 0.02
A22: Q1 26 | S22: =227/255 -> 0.89019608 | T22: 0.1 | U22: 0.01 | BA22: 0.14 | BB22: 0.33 | BC22: 0.25 | BD22: 0.15 | BE22: 0.07 | BF22: 0.04 | BG22: 0.02
A23: Q2 26 | T23: =227/255 -> 0.89019608 | U23: 0.1 | V23: 0.01 | BB23: 0.14 | BC23: 0.33 | BD23: 0.25 | BE23: 0.15 | BF23: 0.07 | BG23: 0.04 | BH23: 0.02
A24: Q3 26 | U24: =227/255 -> 0.89019608 | V24: 0.1 | W24: 0.01 | BC24: 0.14 | BD24: 0.33 | BE24: 0.25 | BF24: 0.15 | BG24: 0.07 | BH24: 0.04 | BI24: 0.02
A25: Q4 26 | V25: =227/255 -> 0.89019608 | W25: 0.1 | X25: 0.01 | BD25: 0.14 | BE25: 0.33 | BF25: 0.25 | BG25: 0.15 | BH25: 0.07 | BI25: 0.04 | BJ25: 0.02
A26: Q1 27 | W26: =227/255 -> 0.89019608 | X26: 0.1 | Y26: 0.01 | BE26: 0.14 | BF26: 0.33 | BG26: 0.25 | BH26: 0.15 | BI26: 0.07 | BJ26: 0.04 | BK26: 0.02
A27: Q2 27 | X27: =227/255 -> 0.89019608 | Y27: 0.1 | Z27: 0.01 | BF27: 0.14 | BG27: 0.33 | BH27: 0.25 | BI27: 0.15 | BJ27: 0.07 | BK27: 0.04 | BL27: 0.02
A28: Q3 27 | Y28: =227/255 -> 0.89019608 | Z28: 0.1 | AA28: 0.01 | BG28: 0.14 | BH28: 0.33 | BI28: 0.25 | BJ28: 0.15 | BK28: 0.07 | BL28: 0.04
A29: Q4 27 | Z29: 0.89 | AA29: 0.1 | AB29: 0.01 | BH29: 0.14 | BI29: 0.33 | BJ29: 0.25 | BK29: 0.15 | BL29: 0.07
A30: Q1 28 | AA30: 0.89 | AB30: 0.1 | AC30: 0.01 | BI30: 0.14 | BJ30: 0.33 | BK30: 0.25 | BL30: 0.15
A31: Q2 28 | AB31: 0.89 | AC31: 0.1 | AD31: 0.01 | BJ31: 0.14 | BK31: 0.33 | BL31: 0.25
A32: Q3 28 | AC32: 0.89 | AD32: 0.1 | BK32: 0.14 | BL32: 0.33
A33: Q4 28 | AD33: 0.89 | BL33: 0.14
B34: SQLs | C34: Conv | D34: Q2 22 | E34: Q3 22 | F34: Q4 22 | G34: Q1 23 | H34: Q2 23 | I34: Q3 23 | J34: Q4 23 | K34: Q1 24 | L34: Q2 24 | M34: Q3 24 | N34: Q4 24 | O34: Q1 25 | P34: Q2 25 | Q34: Q3 25 | R34: Q4 25 | AF34: Opps | AG34: Q1 21 | AH34: Q2 21 | AI34: Q3 21 | AJ34: Q4 21 | AK34: Q1 22 | AL34: Q2 22 | AM34: Q3 22 | AN34: Q4 22 | AO34: Q1 23 | AP34: Q2 23 | AQ34: Q3 23 | AR34: Q4 23 | AS34: Q1 24 | AT34: Q2 24 | AU34: Q3 24 | AV34: Q4 24
A35: Q1 21 | AF35: 0 | AG35: =$AF35*AG2 -> 0 | AH35: =$AF35*AH2 -> 0 | AI35: =$AF35*AI2 -> 0 | AJ35: =$AF35*AJ2 -> 0 | AK35: =$AF35*AK2 -> 0 | AL35: =$AF35*AL2 -> 0 | AM35: =$AF35*AM2 -> 0
A36: Q2 21 | AF36: 0 | AH36: =$AF36*AH3 -> 0 | AI36: =$AF36*AI3 -> 0 | AJ36: =$AF36*AJ3 -> 0 | AK36: =$AF36*AK3 -> 0 | AL36: =$AF36*AL3 -> 0 | AM36: =$AF36*AM3 -> 0 | AN36: =$AF36*AN3 -> 0
A37: Q3 21 | AF37: 0 | AI37: =$AF37*AI4 -> 0 | AJ37: =$AF37*AJ4 -> 0 | AK37: =$AF37*AK4 -> 0 | AL37: =$AF37*AL4 -> 0 | AM37: =$AF37*AM4 -> 0 | AN37: =$AF37*AN4 -> 0 | AO37: =$AF37*AO4 -> 0
A38: Q4 21 | AF38: 0 | AJ38: =$AF38*AJ5 -> 0 | AK38: =$AF38*AK5 -> 0 | AL38: =$AF38*AL5 -> 0 | AM38: =$AF38*AM5 -> 0 | AN38: =$AF38*AN5 -> 0 | AO38: =$AF38*AO5 -> 0 | AP38: =$AF38*AP5 -> 0
A39: Q1 22 | D39: =$B39*D6 -> 0 | AF39: 0 | AK39: =$AF39*AK6 -> 0 | AL39: =$AF39*AL6 -> 0 | AM39: =$AF39*AM6 -> 0 | AN39: =$AF39*AN6 -> 0 | AO39: =$AF39*AO6 -> 0 | AP39: =$AF39*AP6 -> 0 | AQ39: =$AF39*AQ6 -> 0
A40: Q2 22 | D40: =$B40*D7*$C40 -> 0 | E40: =$B40*E7*$C40 -> 0 | F40: =$B40*F7*$C40 -> 0 | AF40: {=transpose(D67:AD67)} -> 0 | AL40: =$AF40*AL7 -> 0 | AM40: =$AF40*AM7 -> 0 | AN40: =$AF40*AN7 -> 0 | AO40: =$AF40*AO7 -> 0 | AP40: =$AF40*AP7 -> 0 | AQ40: =$AF40*AQ7 -> 0 | AR40: =$AF40*AR7 -> 0
A41: Q3 22 | E41: =$B41*E8*$C41 -> 0 | F41: =$B41*F8*$C41 -> 0 | G41: =$B41*G8*$C41 -> 0 | AF41: 0 | AM41: =$AF41*AM8 -> 0 | AN41: =$AF41*AN8 -> 0 | AO41: =$AF41*AO8 -> 0 | AP41: =$AF41*AP8 -> 0 | AQ41: =$AF41*AQ8 -> 0 | AR41: =$AF41*AR8 -> 0 | AS41: =$AF41*AS8 -> 0
A42: Q4 22 | F42: =$B42*F9*$C42 -> 0 | G42: =$B42*G9*$C42 -> 0 | H42: =$B42*H9*$C42 -> 0 | AF42: 0 | AN42: =$AF42*AN9 -> 0 | AO42: =$AF42*AO9 -> 0 | AP42: =$AF42*AP9 -> 0 | AQ42: =$AF42*AQ9 -> 0 | AR42: =$AF42*AR9 -> 0 | AS42: =$AF42*AS9 -> 0 | AT42: =$AF42*AT9 -> 0
A43: Q1 23 | G43: =$B43*G10*$C43 -> 0 | H43: =$B43*H10*$C43 -> 0 | I43: =$B43*I10*$C43 -> 0 | AF43: 0 | AO43: =$AF43*AO10 -> 0 | AP43: =$AF43*AP10 -> 0 | AQ43: =$AF43*AQ10 -> 0 | AR43: =$AF43*AR10 -> 0 | AS43: =$AF43*AS10 -> 0 | AT43: =$AF43*AT10 -> 0 | AU43: =$AF43*AU10 -> 0
A44: Q2 23 | H44: =$B44*H11*$C44 -> 0 | I44: =$B44*I11*$C44 -> 0 | J44: =$B44*J11*$C44 -> 0 | AF44: 0 | AP44: =$AF44*AP11 -> 0 | AQ44: =$AF44*AQ11 -> 0 | AR44: =$AF44*AR11 -> 0 | AS44: =$AF44*AS11 -> 0 | AT44: =$AF44*AT11 -> 0 | AU44: =$AF44*AU11 -> 0 | AV44: =$AF44*AV11 -> 0
A45: Q3 23 | I45: =$B45*I12*$C45 -> 0 | J45: =$B45*J12*$C45 -> 0 | K45: =$B45*K12*$C45 -> 0 | AF45: 0 | AQ45: =$AF45*AQ12 -> 0 | AR45: =$AF45*AR12 -> 0 | AS45: =$AF45*AS12 -> 0 | AT45: =$AF45*AT12 -> 0 | AU45: =$AF45*AU12 -> 0 | AV45: =$AF45*AV12 -> 0 | AW45: =$AF45*AW12 -> 0
A46: Q4 23 | J46: =$B46*J13*$C46 -> 0 | K46: =$B46*K13*$C46 -> 0 | L46: =$B46*L13*$C46 -> 0 | AF46: 0 | AR46: =$AF46*AR13 -> 0 | AS46: =$AF46*AS13 -> 0 | AT46: =$AF46*AT13 -> 0 | AU46: =$AF46*AU13 -> 0 | AV46: =$AF46*AV13 -> 0 | AW46: =$AF46*AW13 -> 0 | AX46: =$AF46*AX13 -> 0
A47: Q1 24 | K47: =$B47*K14*$C47 -> 0 | L47: =$B47*L14*$C47 -> 0 | M47: =$B47*M14*$C47 -> 0 | AF47: 0 | AS47: =$AF47*AS14 -> 0 | AT47: =$AF47*AT14 -> 0 | AU47: =$AF47*AU14 -> 0 | AV47: =$AF47*AV14 -> 0 | AW47: =$AF47*AW14 -> 0 | AX47: =$AF47*AX14 -> 0 | AY47: =$AF47*AY14 -> 0
A48: Q2 24 | L48: =$B48*L15*$C48 -> 0 | M48: =$B48*M15*$C48 -> 0 | N48: =$B48*N15*$C48 -> 0 | AF48: 0 | AT48: =$AF48*AT15 -> 0 | AU48: =$AF48*AU15 -> 0 | AV48: =$AF48*AV15 -> 0 | AW48: =$AF48*AW15 -> 0 | AX48: =$AF48*AX15 -> 0 | AY48: =$AF48*AY15 -> 0 | AZ48: =$AF48*AZ15 -> 0
A49: Q3 24 | M49: =$B49*M16*$C49 -> 0 | N49: =$B49*N16*$C49 -> 0 | O49: =$B49*O16*$C49 -> 0 | AF49: 0 | AU49: =$AF49*AU16 -> 0 | AV49: =$AF49*AV16 -> 0 | AW49: =$AF49*AW16 -> 0 | AX49: =$AF49*AX16 -> 0 | AY49: =$AF49*AY16 -> 0 | AZ49: =$AF49*AZ16 -> 0 | BA49: =$AF49*BA16 -> 0
A50: Q4 24 | B50: 26 | C50: 0.15 | N50: =$B50*N17*$C50 -> 3.471 | O50: =$B50*O17*$C50 -> 0.39 | P50: =$B50*P17*$C50 -> 0.039 | AF50: 3.471 | AV50: =$AF50*AV17 -> 0.48594 | AW50: =$AF50*AW17 -> 1.14543 | AX50: =$AF50*AX17 -> 0.86775 | AY50: =$AF50*AY17 -> 0.52065 | AZ50: =$AF50*AZ17 -> 0.24297 | BA50: =$AF50*BA17 -> 0.13884 | BB50: =$AF50*BB17 -> 0.06942
A51: Q1 25 | B51: 10 | C51: 0.15 | O51: =$B51*O18*$C51 -> 1.335 | P51: =$B51*P18*$C51 -> 0.15 | Q51: =$B51*Q18*$C51 -> 0.015 | AF51: 1.725 | AW51: =$AF51*AW18 -> 0.2415 | AX51: =$AF51*AX18 -> 0.56925 | AY51: =$AF51*AY18 -> 0.43125 | AZ51: =$AF51*AZ18 -> 0.25875 | BA51: =$AF51*BA18 -> 0.12075 | BB51: =$AF51*BB18 -> 0.069 | BC51: =$AF51*BC18 -> 0.0345
A52: Q2 25 | B52: 10 | C52: 0.15 | P52: =$B52*P19*$C52 -> 1.335 | Q52: =$B52*Q19*$C52 -> 0.15 | R52: =$B52*R19*$C52 -> 0.015 | AF52: 1.524 | AX52: =$AF52*AX19 -> 0.21336 | AY52: =$AF52*AY19 -> 0.50292 | AZ52: =$AF52*AZ19 -> 0.381 | BA52: =$AF52*BA19 -> 0.2286 | BB52: =$AF52*BB19 -> 0.10668 | BC52: =$AF52*BC19 -> 0.06096 | BD52: =$AF52*BD19 -> 0.03048
A53: Q3 25 | B53: 15 | C53: 0.15 | Q53: =$B53*Q20*$C53 -> 2.0025 | R53: =$B53*R20*$C53 -> 0.225 | S53: =$B53*S20*$C53 -> 0.0225 | AF53: 2.1675 | AY53: =$AF53*AY20 -> 0.30345 | AZ53: =$AF53*AZ20 -> 0.715275 | BA53: =$AF53*BA20 -> 0.541875 | BB53: =$AF53*BB20 -> 0.325125 | BC53: =$AF53*BC20 -> 0.151725 | BD53: =$AF53*BD20 -> 0.0867 | BE53: =$AF53*BE20 -> 0.04335
A54: Q4 25 | B54: 15 | C54: 0.15 | R54: =$B54*R21*$C54 -> 2.0025 | S54: =$B54*S21*$C54 -> 0.225 | T54: =$B54*T21*$C54 -> 0.0225 | AF54: 2.2425 | AZ54: =$AF54*AZ21 -> 0.31395 | BA54: =$AF54*BA21 -> 0.740025 | BB54: =$AF54*BB21 -> 0.560625 | BC54: =$AF54*BC21 -> 0.336375 | BD54: =$AF54*BD21 -> 0.156975 | BE54: =$AF54*BE21 -> 0.0897 | BF54: =$AF54*BF21 -> 0.04485
A55: Q1 26 | B55: 15 | C55: 0.15 | S55: =$B55*S22*$C55 -> 2.0029412 | T55: =$B55*T22*$C55 -> 0.225 | U55: =$B55*U22*$C55 -> 0.0225 | AF55: 2.2504412 | BA55: =$AF55*BA22 -> 0.31506176 | BB55: =$AF55*BB22 -> 0.74264559 | BC55: =$AF55*BC22 -> 0.56261029 | BD55: =$AF55*BD22 -> 0.33756618 | BE55: =$AF55*BE22 -> 0.15753088 | BF55: =$AF55*BF22 -> 0.090017647 | BG55: =$AF55*BG22 -> 0.045008824
A56: Q2 26 | B56: 15 | C56: 0.15 | T56: =$B56*T23*$C56 -> 2.0029412 | U56: =$B56*U23*$C56 -> 0.225 | V56: =$B56*V23*$C56 -> 0.0225 | AF56: 2.2504412 | BB56: =$AF56*BB23 -> 0.31506176 | BC56: =$AF56*BC23 -> 0.74264559 | BD56: =$AF56*BD23 -> 0.56261029 | BE56: =$AF56*BE23 -> 0.33756618 | BF56: =$AF56*BF23 -> 0.15753088 | BG56: =$AF56*BG23 -> 0.090017647 | BH56: =$AF56*BH23 -> 0.045008824
A57: Q3 26 | B57: 15 | C57: 0.15 | U57: =$B57*U24*$C57 -> 2.0029412 | V57: =$B57*V24*$C57 -> 0.225 | W57: =$B57*W24*$C57 -> 0.0225 | AF57: 2.2504412 | BC57: =$AF57*BC24 -> 0.31506176 | BD57: =$AF57*BD24 -> 0.74264559 | BE57: =$AF57*BE24 -> 0.56261029 | BF57: =$AF57*BF24 -> 0.33756618 | BG57: =$AF57*BG24 -> 0.15753088 | BH57: =$AF57*BH24 -> 0.090017647 | BI57: =$AF57*BI24 -> 0.045008824
A58: Q4 26 | B58: 15 | C58: 0.15 | V58: =$B58*V25*$C58 -> 2.0029412 | W58: =$B58*W25*$C58 -> 0.225 | X58: =$B58*X25*$C58 -> 0.0225 | AF58: 2.2504412 | BD58: =$AF58*BD25 -> 0.31506176 | BE58: =$AF58*BE25 -> 0.74264559 | BF58: =$AF58*BF25 -> 0.56261029 | BG58: =$AF58*BG25 -> 0.33756618 | BH58: =$AF58*BH25 -> 0.15753088 | BI58: =$AF58*BI25 -> 0.090017647 | BJ58: =$AF58*BJ25 -> 0.045008824
A59: Q1 27 | B59: 15 | C59: 0.15 | W59: =$B59*W26*$C59 -> 2.0029412 | X59: =$B59*X26*$C59 -> 0.225 | Y59: =$B59*Y26*$C59 -> 0.0225 | AF59: 2.2504412 | BE59: =$AF59*BE26 -> 0.31506176 | BF59: =$AF59*BF26 -> 0.74264559 | BG59: =$AF59*BG26 -> 0.56261029 | BH59: =$AF59*BH26 -> 0.33756618 | BI59: =$AF59*BI26 -> 0.15753088 | BJ59: =$AF59*BJ26 -> 0.090017647 | BK59: =$AF59*BK26 -> 0.045008824
A60: Q2 27 | B60: 15 | C60: 0.15 | X60: =$B60*X27*$C60 -> 2.0029412 | Y60: =$B60*Y27*$C60 -> 0.225 | Z60: =$B60*Z27*$C60 -> 0.0225 | AF60: 2.2504412 | BF60: =$AF60*BF27 -> 0.31506176 | BG60: =$AF60*BG27 -> 0.74264559 | BH60: =$AF60*BH27 -> 0.56261029 | BI60: =$AF60*BI27 -> 0.33756618 | BJ60: =$AF60*BJ27 -> 0.15753088 | BK60: =$AF60*BK27 -> 0.090017647 | BL60: =$AF60*BL27 -> 0.045008824
A61: Q3 27 | B61: 15 | C61: 0.15 | Y61: =$B61*Y28*$C61 -> 2.0029412 | Z61: =$B61*Z28*$C61 -> 0.225 | AA61: =$B61*AA28*$C61 -> 0.0225 | AF61: 2.2504412 | BG61: =$AF61*BG28 -> 0.31506176 | BH61: =$AF61*BH28 -> 0.74264559 | BI61: =$AF61*BI28 -> 0.56261029 | BJ61: =$AF61*BJ28 -> 0.33756618 | BK61: =$AF61*BK28 -> 0.15753088 | BL61: =$AF61*BL28 -> 0.090017647
A62: Q4 27 | B62: 15 | C62: 0.15 | Z62: =$B62*Z29*$C62 -> 2.0025 | AA62: =$B62*AA29*$C62 -> 0.225 | AB62: =$B62*AB29*$C62 -> 0.0225 | AF62: 2.25 | BH62: =$AF62*BH29 -> 0.315 | BI62: =$AF62*BI29 -> 0.7425 | BJ62: =$AF62*BJ29 -> 0.5625 | BK62: =$AF62*BK29 -> 0.3375 | BL62: =$AF62*BL29 -> 0.1575
A63: Q1 28 | B63: 15 | C63: 0.15 | AA63: =$B63*AA30*$C63 -> 2.0025 | AB63: =$B63*AB30*$C63 -> 0.225 | AC63: =$B63*AC30*$C63 -> 0.0225 | AF63: 2.25 | BI63: =$AF63*BI30 -> 0.315 | BJ63: =$AF63*BJ30 -> 0.7425 | BK63: =$AF63*BK30 -> 0.5625 | BL63: =$AF63*BL30 -> 0.3375
A64: Q2 28 | B64: 15 | C64: 0.15 | AB64: =$B64*AB31*$C64 -> 2.0025 | AC64: =$B64*AC31*$C64 -> 0.225 | AD64: =$B64*AD31*$C64 -> 0.0225 | AF64: 2.25 | BJ64: =$AF64*BJ31 -> 0.315 | BK64: =$AF64*BK31 -> 0.7425 | BL64: =$AF64*BL31 -> 0.5625
A65: Q3 28 | B65: 15 | C65: 0.15 | AC65: =$B65*AC32*$C65 -> 2.0025 | AD65: =$B65*AD32*$C65 -> 0.225 | AF65: 2.25 | BK65: =$AF65*BK32 -> 0.315 | BL65: =$AF65*BL32 -> 0.7425
A66: Q4 28 | B66: 15 | C66: 0.15 | AD66: =$B66*AD33*$C66 -> 2.0025 | AF66: 2.25 | BL66: =$AF66*BL33 -> 0.315
A67: Total Opps Created | D67: =sum(D39:D66) -> 0 | E67: =sum(E39:E66) -> 0 | F67: =sum(F39:F66) -> 0 | G67: =sum(G39:G66) -> 0 | H67: =sum(H39:H66) -> 0 | I67: =sum(I39:I66) -> 0 | J67: =sum(J39:J66) -> 0 | K67: =sum(K39:K66) -> 0 | ... AD67: =sum(AD39:AD66) -> 2.25
A68: Total Opps Worked | AG68: =sum(AG35:AG66) -> 0 | AH68: =sum(AH35:AH66) -> 0 | AI68: =sum(AI35:AI66) -> 0 | AJ68: =sum(AJ35:AJ66) -> 0 | AK68: =sum(AK35:AK66) -> 0 | AL68: =sum(AL35:AL66) -> 0 | AM68: =sum(AM35:AM66) -> 0 | AN68: =sum(AN35:AN66) -> 0 | ... BL68: =sum(BL35:BL66) -> 2.2500265
AW69: 3 | AX69: 3

Sheet Partner Cascade EMESA NORTH
A1: Probability | D1: Q2 22 | E1: Q3 22 | F1: Q4 22 | G1: Q1 23 | H1: Q2 23 | I1: Q3 23 | J1: Q4 23 | K1: Q1 24 | L1: Q2 24 | M1: Q3 24 | N1: Q4 24 | O1: Q1 25 | P1: Q2 25 | Q1: Q3 25 | R1: Q4 25 | S1: {=transpose(A22:A33)} | AF1: Opps | AG1: Q1 21 | AH1: Q2 21 | AI1: Q3 21 | AJ1: Q4 21 | AK1: Q1 22 | AL1: Q2 22 | AM1: Q3 22 | AN1: Q4 22 | AO1: Q1 23 | AP1: Q2 23 | AQ1: Q3 23 | AR1: Q4 23 | AS1: Q1 24 | AT1: Q2 24 | AU1: Q3 24 | AV1: Q4 24 | AW1: Q1 25 | AX1: Q2 25 | AY1: Q3 25 | AZ1: Q4 25 | BA1: {=transpose(A22:A33)}
AG2: 0.14 | AH2: 0.33 | AI2: 0.25 | AJ2: 0.15 | AK2: 0.07 | AL2: 0.04 | AM2: 0.02
AH3: 0.14 | AI3: 0.33 | AJ3: 0.25 | AK3: 0.15 | AL3: 0.07 | AM3: 0.04 | AN3: 0.02
AI4: 0.14 | AJ4: 0.33 | AK4: 0.25 | AL4: 0.15 | AM4: 0.07 | AN4: 0.04 | AO4: 0.02
AJ5: 0.14 | AK5: 0.33 | AL5: 0.25 | AM5: 0.15 | AN5: 0.07 | AO5: 0.04 | AP5: 0.02
AK6: 0.14 | AL6: 0.33 | AM6: 0.25 | AN6: 0.15 | AO6: 0.07 | AP6: 0.04 | AQ6: 0.02
AL7: 0.14 | AM7: 0.33 | AN7: 0.25 | AO7: 0.15 | AP7: 0.07 | AQ7: 0.04 | AR7: 0.02
AM8: 0.14 | AN8: 0.33 | AO8: 0.25 | AP8: 0.15 | AQ8: 0.07 | AR8: 0.04 | AS8: 0.02
AN9: 0.14 | AO9: 0.33 | AP9: 0.25 | AQ9: 0.15 | AR9: 0.07 | AS9: 0.04 | AT9: 0.02
AO10: 0.14 | AP10: 0.33 | AQ10: 0.25 | AR10: 0.15 | AS10: 0.07 | AT10: 0.04 | AU10: 0.02
AP11: 0.14 | AQ11: 0.33 | AR11: 0.25 | AS11: 0.15 | AT11: 0.07 | AU11: 0.04 | AV11: 0.02
AQ12: 0.14 | AR12: 0.33 | AS12: 0.25 | AT12: 0.15 | AU12: 0.07 | AV12: 0.04 | AW12: 0.02
AR13: 0.14 | AS13: 0.33 | AT13: 0.25 | AU13: 0.15 | AV13: 0.07 | AW13: 0.04 | AX13: 0.02
AS14: 0.14 | AT14: 0.33 | AU14: 0.25 | AV14: 0.15 | AW14: 0.07 | AX14: 0.04 | AY14: 0.02
AT15: 0.14 | AU15: 0.33 | AV15: 0.25 | AW15: 0.15 | AX15: 0.07 | AY15: 0.04 | AZ15: 0.02
AU16: 0.14 | AV16: 0.33 | AW16: 0.25 | AX16: 0.15 | AY16: 0.07 | AZ16: 0.04 | BA16: 0.02
AV17: 0.14 | AW17: 0.33 | AX17: 0.25 | AY17: 0.15 | AZ17: 0.07 | BA17: 0.04 | BB17: 0.02
AW18: 0.14 | AX18: 0.33 | AY18: 0.25 | AZ18: 0.15 | BA18: 0.07 | BB18: 0.04 | BC18: 0.02
AX19: 0.14 | AY19: 0.33 | AZ19: 0.25 | BA19: 0.15 | BB19: 0.07 | BC19: 0.04 | BD19: 0.02
AY20: 0.14 | AZ20: 0.33 | BA20: 0.25 | BB20: 0.15 | BC20: 0.07 | BD20: 0.04 | BE20: 0.02
AZ21: 0.14 | BA21: 0.33 | BB21: 0.25 | BC21: 0.15 | BD21: 0.07 | BE21: 0.04 | BF21: 0.02
BA22: 0.14 | BB22: 0.33 | BC22: 0.25 | BD22: 0.15 | BE22: 0.07 | BF22: 0.04 | BG22: 0.02
BB23: 0.14 | BC23: 0.33 | BD23: 0.25 | BE23: 0.15 | BF23: 0.07 | BG23: 0.04 | BH23: 0.02
BC24: 0.14 | BD24: 0.33 | BE24: 0.25 | BF24: 0.15 | BG24: 0.07 | BH24: 0.04 | BI24: 0.02
BD25: 0.14 | BE25: 0.33 | BF25: 0.25 | BG25: 0.15 | BH25: 0.07 | BI25: 0.04 | BJ25: 0.02
BE26: 0.14 | BF26: 0.33 | BG26: 0.25 | BH26: 0.15 | BI26: 0.07 | BJ26: 0.04 | BK26: 0.02
BF27: 0.14 | BG27: 0.33 | BH27: 0.25 | BI27: 0.15 | BJ27: 0.07 | BK27: 0.04 | BL27: 0.02
BG28: 0.14 | BH28: 0.33 | BI28: 0.25 | BJ28: 0.15 | BK28: 0.07 | BL28: 0.04
BH29: 0.14 | BI29: 0.33 | BJ29: 0.25 | BK29: 0.15 | BL29: 0.07
BI30: 0.14 | BJ30: 0.33 | BK30: 0.25 | BL30: 0.15
BJ31: 0.14 | BK31: 0.33 | BL31: 0.25
BK32: 0.14 | BL32: 0.33
BL33: 0.14
AF34: Opps | AG34: Q1 21 | AH34: Q2 21 | AI34: Q3 21 | AJ34: Q4 21 | AK34: Q1 22 | AL34: Q2 22 | AM34: Q3 22 | AN34: Q4 22 | AO34: Q1 23 | AP34: Q2 23 | AQ34: Q3 23 | AR34: Q4 23 | AS34: Q1 24 | AT34: Q2 24 | AU34: Q3 24 | AV34: Q4 24
AF35: 0 | AG35: =$AF35*AG2 -> 0 | AH35: =$AF35*AH2 -> 0 | AI35: =$AF35*AI2 -> 0 | AJ35: =$AF35*AJ2 -> 0 | AK35: =$AF35*AK2 -> 0 | AL35: =$AF35*AL2 -> 0 | AM35: =$AF35*AM2 -> 0
AF36: 0 | AH36: =$AF36*AH3 -> 0 | AI36: =$AF36*AI3 -> 0 | AJ36: =$AF36*AJ3 -> 0 | AK36: =$AF36*AK3 -> 0 | AL36: =$AF36*AL3 -> 0 | AM36: =$AF36*AM3 -> 0 | AN36: =$AF36*AN3 -> 0
AF37: 0 | AI37: =$AF37*AI4 -> 0 | AJ37: =$AF37*AJ4 -> 0 | AK37: =$AF37*AK4 -> 0 | AL37: =$AF37*AL4 -> 0 | AM37: =$AF37*AM4 -> 0 | AN37: =$AF37*AN4 -> 0 | AO37: =$AF37*AO4 -> 0
AF38: 0 | AJ38: =$AF38*AJ5 -> 0 | AK38: =$AF38*AK5 -> 0 | AL38: =$AF38*AL5 -> 0 | AM38: =$AF38*AM5 -> 0 | AN38: =$AF38*AN5 -> 0 | AO38: =$AF38*AO5 -> 0 | AP38: =$AF38*AP5 -> 0
AF39: 0 | AK39: =$AF39*AK6 -> 0 | AL39: =$AF39*AL6 -> 0 | AM39: =$AF39*AM6 -> 0 | AN39: =$AF39*AN6 -> 0 | AO39: =$AF39*AO6 -> 0 | AP39: =$AF39*AP6 -> 0 | AQ39: =$AF39*AQ6 -> 0
AF40: {=transpose(D67:AD67)} -> 12 | AL40: =$AF40*AL7 -> 1.68 | AM40: =$AF40*AM7 -> 3.96 | AN40: =$AF40*AN7 -> 3 | AO40: =$AF40*AO7 -> 1.8 | AP40: =$AF40*AP7 -> 0.84 | AQ40: =$AF40*AQ7 -> 0.48 | AR40: =$AF40*AR7 -> 0.24
AF41: 7 | AM41: =$AF41*AM8 -> 0.98 | AN41: =$AF41*AN8 -> 2.31 | AO41: =$AF41*AO8 -> 1.75 | AP41: =$AF41*AP8 -> 1.05 | AQ41: =$AF41*AQ8 -> 0.49 | AR41: =$AF41*AR8 -> 0.28 | AS41: =$AF41*AS8 -> 0.14
AF42: 6 | AN42: =$AF42*AN9 -> 0.84 | AO42: =$AF42*AO9 -> 1.98 | AP42: =$AF42*AP9 -> 1.5 | AQ42: =$AF42*AQ9 -> 0.9 | AR42: =$AF42*AR9 -> 0.42 | AS42: =$AF42*AS9 -> 0.24 | AT42: =$AF42*AT9 -> 0.12
AF43: 3 | AO43: =$AF43*AO10 -> 0.42 | AP43: =$AF43*AP10 -> 0.99 | AQ43: =$AF43*AQ10 -> 0.75 | AR43: =$AF43*AR10 -> 0.45 | AS43: =$AF43*AS10 -> 0.21 | AT43: =$AF43*AT10 -> 0.12 | AU43: =$AF43*AU10 -> 0.06
AF44: 3 | AP44: =$AF44*AP11 -> 0.42 | AQ44: =$AF44*AQ11 -> 0.99 | AR44: =$AF44*AR11 -> 0.75 | AS44: =$AF44*AS11 -> 0.45 | AT44: =$AF44*AT11 -> 0.21 | AU44: =$AF44*AU11 -> 0.12 | AV44: =$AF44*AV11 -> 0.06
AF45: 6 | AQ45: =$AF45*AQ12 -> 0.84 | AR45: =$AF45*AR12 -> 1.98 | AS45: =$AF45*AS12 -> 1.5 | AT45: =$AF45*AT12 -> 0.9 | AU45: =$AF45*AU12 -> 0.42 | AV45: =$AF45*AV12 -> 0.24 | AW45: =$AF45*AW12 -> 0.12
AF46: 6 | AR46: =$AF46*AR13 -> 0.84 | AS46: =$AF46*AS13 -> 1.98 | AT46: =$AF46*AT13 -> 1.5 | AU46: =$AF46*AU13 -> 0.9 | AV46: =$AF46*AV13 -> 0.42 | AW46: =$AF46*AW13 -> 0.24 | AX46: =$AF46*AX13 -> 0.12
AF47: 7 | AS47: =$AF47*AS14 -> 0.98 | AT47: =$AF47*AT14 -> 2.31 | AU47: =$AF47*AU14 -> 1.75 | AV47: =$AF47*AV14 -> 1.05 | AW47: =$AF47*AW14 -> 0.49 | AX47: =$AF47*AX14 -> 0.28 | AY47: =$AF47*AY14 -> 0.14
AF48: 2 | AT48: =$AF48*AT15 -> 0.28 | AU48: =$AF48*AU15 -> 0.66 | AV48: =$AF48*AV15 -> 0.5 | AW48: =$AF48*AW15 -> 0.3 | AX48: =$AF48*AX15 -> 0.14 | AY48: =$AF48*AY15 -> 0.08 | AZ48: =$AF48*AZ15 -> 0.04
AF49: 2 | AU49: =$AF49*AU16 -> 0.28 | AV49: =$AF49*AV16 -> 0.66 | AW49: =$AF49*AW16 -> 0.5 | AX49: =$AF49*AX16 -> 0.3 | AY49: =$AF49*AY16 -> 0.14 | AZ49: =$AF49*AZ16 -> 0.08 | BA49: =$AF49*BA16 -> 0.04
AF50: 0 | AV50: =$AF50*AV17 -> 0 | AW50: =$AF50*AW17 -> 0 | AX50: =$AF50*AX17 -> 0 | AY50: =$AF50*AY17 -> 0 | AZ50: =$AF50*AZ17 -> 0 | BA50: =$AF50*BA17 -> 0 | BB50: =$AF50*BB17 -> 0
AF51: 1 | AW51: =$AF51*AW18 -> 0.14 | AX51: =$AF51*AX18 -> 0.33 | AY51: =$AF51*AY18 -> 0.25 | AZ51: =$AF51*AZ18 -> 0.15 | BA51: =$AF51*BA18 -> 0.07 | BB51: =$AF51*BB18 -> 0.04 | BC51: =$AF51*BC18 -> 0.02
AF52: 1 | AX52: =$AF52*AX19 -> 0.14 | AY52: =$AF52*AY19 -> 0.33 | AZ52: =$AF52*AZ19 -> 0.25 | BA52: =$AF52*BA19 -> 0.15 | BB52: =$AF52*BB19 -> 0.07 | BC52: =$AF52*BC19 -> 0.04 | BD52: =$AF52*BD19 -> 0.02
AF53: 2.1666667 | AY53: =$AF53*AY20 -> 0.30333333 | AZ53: =$AF53*AZ20 -> 0.715 | BA53: =$AF53*BA20 -> 0.54166667 | BB53: =$AF53*BB20 -> 0.325 | BC53: =$AF53*BC20 -> 0.15166667 | BD53: =$AF53*BD20 -> 0.086666667 | BE53: =$AF53*BE20 -> 0.043333333
AF54: 2.2316667 | AZ54: =$AF54*AZ21 -> 0.31243333 | BA54: =$AF54*BA21 -> 0.73645 | BB54: =$AF54*BB21 -> 0.55791667 | BC54: =$AF54*BC21 -> 0.33475 | BD54: =$AF54*BD21 -> 0.15621667 | BE54: =$AF54*BE21 -> 0.089266667 | BF54: =$AF54*BF21 -> 0.044633333
AF55: 2.3878833 | BA55: =$AF55*BA22 -> 0.33430367 | BB55: =$AF55*BB22 -> 0.7880015 | BC55: =$AF55*BC22 -> 0.59697083 | BD55: =$AF55*BD22 -> 0.3581825 | BE55: =$AF55*BE22 -> 0.16715183 | BF55: =$AF55*BF22 -> 0.095515333 | BG55: =$AF55*BG22 -> 0.047757667
AF56: 2.5550352 | BB56: =$AF56*BB23 -> 0.35770492 | BC56: =$AF56*BC23 -> 0.84316161 | BD56: =$AF56*BD23 -> 0.63875879 | BE56: =$AF56*BE23 -> 0.38325528 | BF56: =$AF56*BF23 -> 0.17885246 | BG56: =$AF56*BG23 -> 0.10220141 | BH56: =$AF56*BH23 -> 0.051100703
AF57: 2.7338876 | BC57: =$AF57*BC24 -> 0.38274427 | BD57: =$AF57*BD24 -> 0.90218292 | BE57: =$AF57*BE24 -> 0.68347191 | BF57: =$AF57*BF24 -> 0.41008314 | BG57: =$AF57*BG24 -> 0.19137213 | BH57: =$AF57*BH24 -> 0.10935551 | BI57: =$AF57*BI24 -> 0.054677753
AF58: 2.9252598 | BD58: =$AF58*BD25 -> 0.40953637 | BE58: =$AF58*BE25 -> 0.96533572 | BF58: =$AF58*BF25 -> 0.73131494 | BG58: =$AF58*BG25 -> 0.43878896 | BH58: =$AF58*BH25 -> 0.20476818 | BI58: =$AF58*BI25 -> 0.11701039 | BJ58: =$AF58*BJ25 -> 0.058505195
AF59: 3.1300279 | BE59: =$AF59*BE26 -> 0.43820391 | BF59: =$AF59*BF26 -> 1.0329092 | BG59: =$AF59*BG26 -> 0.78250699 | BH59: =$AF59*BH26 -> 0.46950419 | BI59: =$AF59*BI26 -> 0.21910196 | BJ59: =$AF59*BJ26 -> 0.12520112 | BK59: =$AF59*BK26 -> 0.062600559
AF60: 3.3491299 | BF60: =$AF60*BF27 -> 0.46887819 | BG60: =$AF60*BG27 -> 1.1052129 | BH60: =$AF60*BH27 -> 0.83728248 | BI60: =$AF60*BI27 -> 0.50236949 | BJ60: =$AF60*BJ27 -> 0.23443909 | BK60: =$AF60*BK27 -> 0.1339652 | BL60: =$AF60*BL27 -> 0.066982598
AF61: 3.583569 | BG61: =$AF61*BG28 -> 0.50169966 | BH61: =$AF61*BH28 -> 1.1825778 | BI61: =$AF61*BI28 -> 0.89589225 | BJ61: =$AF61*BJ28 -> 0.53753535 | BK61: =$AF61*BK28 -> 0.25084983 | BL61: =$AF61*BL28 -> 0.14334276
AF62: 3.8344188 | BH62: =$AF62*BH29 -> 0.53681864 | BI62: =$AF62*BI29 -> 1.2653582 | BJ62: =$AF62*BJ29 -> 0.95860471 | BK62: =$AF62*BK29 -> 0.57516282 | BL62: =$AF62*BL29 -> 0.26840932
AF63: 4.1028281 | BI63: =$AF63*BI30 -> 0.57439594 | BJ63: =$AF63*BJ30 -> 1.3539333 | BK63: =$AF63*BK30 -> 1.025707 | BL63: =$AF63*BL30 -> 0.61542422
AF64: 4.3900261 | BJ64: =$AF64*BJ31 -> 0.61460366 | BK64: =$AF64*BK31 -> 1.4487086 | BL64: =$AF64*BL31 -> 1.0975065
AF65: 4.6973279 | BK65: =$AF65*BK32 -> 0.65762591 | BL65: =$AF65*BL32 -> 1.5501182
AF66: 5.0261409 | BL66: =$AF66*BL33 -> 0.70365973
A67: Total Opps Created | D67: 12 | E67: 7 | F67: 6 | G67: 3 | H67: 3 | I67: 6 | J67: 6 | K67: 7 | L67: 2 | M67: 2 | N67: 0 | O67: 1 | P67: 1 | Q67: =average(K67:P67) -> 2.1666667 | R67: =Q67*1.03 -> 2.2316667 | S67: =R67*1.07 -> 2.3878833 | T67: =S67*1.07 -> 2.5550352 | U67: =T67*1.07 -> 2.7338876 | V67: =U67*1.07 -> 2.9252598 | W67: =V67*1.07 -> 3.1300279 | X67: =W67*1.07 -> 3.3491299 | Y67: =X67*1.07 -> 3.583569 | Z67: =Y67*1.07 -> 3.8344188 | ... AD67: =AC67*1.07 -> 5.0261409
A68: Total Opps Worked | AG68: =sum(AG35:AG66) -> 0 | AH68: =sum(AH35:AH66) -> 0 | AI68: =sum(AI35:AI66) -> 0 | AJ68: =sum(AJ35:AJ66) -> 0 | AK68: =sum(AK35:AK66) -> 0 | AL68: =sum(AL35:AL66) -> 1.68 | AM68: =sum(AM35:AM66) -> 4.94 | AN68: =sum(AN35:AN66) -> 6.15 | ... BL68: =sum(BL35:BL66) -> 4.4454434
AW69: 3 | AX69: 3

Sheet Partner Cascade EMESA SOUTH
A1: Probability | D1: Q2 22 | E1: Q3 22 | F1: Q4 22 | G1: Q1 23 | H1: Q2 23 | I1: Q3 23 | J1: Q4 23 | K1: Q1 24 | L1: Q2 24 | M1: Q3 24 | N1: Q4 24 | O1: Q1 25 | P1: Q2 25 | Q1: Q3 25 | R1: Q4 25 | S1: {=transpose(A22:A33)} | AF1: Opps | AG1: Q1 21 | AH1: Q2 21 | AI1: Q3 21 | AJ1: Q4 21 | AK1: Q1 22 | AL1: Q2 22 | AM1: Q3 22 | AN1: Q4 22 | AO1: Q1 23 | AP1: Q2 23 | AQ1: Q3 23 | AR1: Q4 23 | AS1: Q1 24 | AT1: Q2 24 | AU1: Q3 24 | AV1: Q4 24 | AW1: Q1 25 | AX1: Q2 25 | AY1: Q3 25 | AZ1: Q4 25 | BA1: {=transpose(A22:A33)}
AG2: 0.14 | AH2: 0.33 | AI2: 0.25 | AJ2: 0.15 | AK2: 0.07 | AL2: 0.04 | AM2: 0.02
AH3: 0.14 | AI3: 0.33 | AJ3: 0.25 | AK3: 0.15 | AL3: 0.07 | AM3: 0.04 | AN3: 0.02
AI4: 0.14 | AJ4: 0.33 | AK4: 0.25 | AL4: 0.15 | AM4: 0.07 | AN4: 0.04 | AO4: 0.02
AJ5: 0.14 | AK5: 0.33 | AL5: 0.25 | AM5: 0.15 | AN5: 0.07 | AO5: 0.04 | AP5: 0.02
AK6: 0.14 | AL6: 0.33 | AM6: 0.25 | AN6: 0.15 | AO6: 0.07 | AP6: 0.04 | AQ6: 0.02
AL7: 0.14 | AM7: 0.33 | AN7: 0.25 | AO7: 0.15 | AP7: 0.07 | AQ7: 0.04 | AR7: 0.02
AM8: 0.14 | AN8: 0.33 | AO8: 0.25 | AP8: 0.15 | AQ8: 0.07 | AR8: 0.04 | AS8: 0.02
AN9: 0.14 | AO9: 0.33 | AP9: 0.25 | AQ9: 0.15 | AR9: 0.07 | AS9: 0.04 | AT9: 0.02
AO10: 0.14 | AP10: 0.33 | AQ10: 0.25 | AR10: 0.15 | AS10: 0.07 | AT10: 0.04 | AU10: 0.02
AP11: 0.14 | AQ11: 0.33 | AR11: 0.25 | AS11: 0.15 | AT11: 0.07 | AU11: 0.04 | AV11: 0.02
AQ12: 0.14 | AR12: 0.33 | AS12: 0.25 | AT12: 0.15 | AU12: 0.07 | AV12: 0.04 | AW12: 0.02
AR13: 0.14 | AS13: 0.33 | AT13: 0.25 | AU13: 0.15 | AV13: 0.07 | AW13: 0.04 | AX13: 0.02
AS14: 0.14 | AT14: 0.33 | AU14: 0.25 | AV14: 0.15 | AW14: 0.07 | AX14: 0.04 | AY14: 0.02
AT15: 0.14 | AU15: 0.33 | AV15: 0.25 | AW15: 0.15 | AX15: 0.07 | AY15: 0.04 | AZ15: 0.02
AU16: 0.14 | AV16: 0.33 | AW16: 0.25 | AX16: 0.15 | AY16: 0.07 | AZ16: 0.04 | BA16: 0.02
AV17: 0.14 | AW17: 0.33 | AX17: 0.25 | AY17: 0.15 | AZ17: 0.07 | BA17: 0.04 | BB17: 0.02
AW18: 0.14 | AX18: 0.33 | AY18: 0.25 | AZ18: 0.15 | BA18: 0.07 | BB18: 0.04 | BC18: 0.02
AX19: 0.14 | AY19: 0.33 | AZ19: 0.25 | BA19: 0.15 | BB19: 0.07 | BC19: 0.04 | BD19: 0.02
AY20: 0.14 | AZ20: 0.33 | BA20: 0.25 | BB20: 0.15 | BC20: 0.07 | BD20: 0.04 | BE20: 0.02
AZ21: 0.14 | BA21: 0.33 | BB21: 0.25 | BC21: 0.15 | BD21: 0.07 | BE21: 0.04 | BF21: 0.02
BA22: 0.14 | BB22: 0.33 | BC22: 0.25 | BD22: 0.15 | BE22: 0.07 | BF22: 0.04 | BG22: 0.02
BB23: 0.14 | BC23: 0.33 | BD23: 0.25 | BE23: 0.15 | BF23: 0.07 | BG23: 0.04 | BH23: 0.02
BC24: 0.14 | BD24: 0.33 | BE24: 0.25 | BF24: 0.15 | BG24: 0.07 | BH24: 0.04 | BI24: 0.02
BD25: 0.14 | BE25: 0.33 | BF25: 0.25 | BG25: 0.15 | BH25: 0.07 | BI25: 0.04 | BJ25: 0.02
BE26: 0.14 | BF26: 0.33 | BG26: 0.25 | BH26: 0.15 | BI26: 0.07 | BJ26: 0.04 | BK26: 0.02
BF27: 0.14 | BG27: 0.33 | BH27: 0.25 | BI27: 0.15 | BJ27: 0.07 | BK27: 0.04 | BL27: 0.02
BG28: 0.14 | BH28: 0.33 | BI28: 0.25 | BJ28: 0.15 | BK28: 0.07 | BL28: 0.04
BH29: 0.14 | BI29: 0.33 | BJ29: 0.25 | BK29: 0.15 | BL29: 0.07
BI30: 0.14 | BJ30: 0.33 | BK30: 0.25 | BL30: 0.15
BJ31: 0.14 | BK31: 0.33 | BL31: 0.25
BK32: 0.14 | BL32: 0.33
BL33: 0.14
AF34: Opps | AG34: Q1 21 | AH34: Q2 21 | AI34: Q3 21 | AJ34: Q4 21 | AK34: Q1 22 | AL34: Q2 22 | AM34: Q3 22 | AN34: Q4 22 | AO34: Q1 23 | AP34: Q2 23 | AQ34: Q3 23 | AR34: Q4 23 | AS34: Q1 24 | AT34: Q2 24 | AU34: Q3 24 | AV34: Q4 24
AF35: 0 | AG35: =$AF35*AG2 -> 0 | AH35: =$AF35*AH2 -> 0 | AI35: =$AF35*AI2 -> 0 | AJ35: =$AF35*AJ2 -> 0 | AK35: =$AF35*AK2 -> 0 | AL35: =$AF35*AL2 -> 0 | AM35: =$AF35*AM2 -> 0
AF36: 0 | AH36: =$AF36*AH3 -> 0 | AI36: =$AF36*AI3 -> 0 | AJ36: =$AF36*AJ3 -> 0 | AK36: =$AF36*AK3 -> 0 | AL36: =$AF36*AL3 -> 0 | AM36: =$AF36*AM3 -> 0 | AN36: =$AF36*AN3 -> 0
AF37: 0 | AI37: =$AF37*AI4 -> 0 | AJ37: =$AF37*AJ4 -> 0 | AK37: =$AF37*AK4 -> 0 | AL37: =$AF37*AL4 -> 0 | AM37: =$AF37*AM4 -> 0 | AN37: =$AF37*AN4 -> 0 | AO37: =$AF37*AO4 -> 0
AF38: 0 | AJ38: =$AF38*AJ5 -> 0 | AK38: =$AF38*AK5 -> 0 | AL38: =$AF38*AL5 -> 0 | AM38: =$AF38*AM5 -> 0 | AN38: =$AF38*AN5 -> 0 | AO38: =$AF38*AO5 -> 0 | AP38: =$AF38*AP5 -> 0
AF39: 0 | AK39: =$AF39*AK6 -> 0 | AL39: =$AF39*AL6 -> 0 | AM39: =$AF39*AM6 -> 0 | AN39: =$AF39*AN6 -> 0 | AO39: =$AF39*AO6 -> 0 | AP39: =$AF39*AP6 -> 0 | AQ39: =$AF39*AQ6 -> 0
AF40: {=transpose(D67:AD67)} -> 12 | AL40: =$AF40*AL7 -> 1.68 | AM40: =$AF40*AM7 -> 3.96 | AN40: =$AF40*AN7 -> 3 | AO40: =$AF40*AO7 -> 1.8 | AP40: =$AF40*AP7 -> 0.84 | AQ40: =$AF40*AQ7 -> 0.48 | AR40: =$AF40*AR7 -> 0.24
AF41: 7 | AM41: =$AF41*AM8 -> 0.98 | AN41: =$AF41*AN8 -> 2.31 | AO41: =$AF41*AO8 -> 1.75 | AP41: =$AF41*AP8 -> 1.05 | AQ41: =$AF41*AQ8 -> 0.49 | AR41: =$AF41*AR8 -> 0.28 | AS41: =$AF41*AS8 -> 0.14
AF42: 6 | AN42: =$AF42*AN9 -> 0.84 | AO42: =$AF42*AO9 -> 1.98 | AP42: =$AF42*AP9 -> 1.5 | AQ42: =$AF42*AQ9 -> 0.9 | AR42: =$AF42*AR9 -> 0.42 | AS42: =$AF42*AS9 -> 0.24 | AT42: =$AF42*AT9 -> 0.12
AF43: 3 | AO43: =$AF43*AO10 -> 0.42 | AP43: =$AF43*AP10 -> 0.99 | AQ43: =$AF43*AQ10 -> 0.75 | AR43: =$AF43*AR10 -> 0.45 | AS43: =$AF43*AS10 -> 0.21 | AT43: =$AF43*AT10 -> 0.12 | AU43: =$AF43*AU10 -> 0.06
AF44: 3 | AP44: =$AF44*AP11 -> 0.42 | AQ44: =$AF44*AQ11 -> 0.99 | AR44: =$AF44*AR11 -> 0.75 | AS44: =$AF44*AS11 -> 0.45 | AT44: =$AF44*AT11 -> 0.21 | AU44: =$AF44*AU11 -> 0.12 | AV44: =$AF44*AV11 -> 0.06
AF45: 6 | AQ45: =$AF45*AQ12 -> 0.84 | AR45: =$AF45*AR12 -> 1.98 | AS45: =$AF45*AS12 -> 1.5 | AT45: =$AF45*AT12 -> 0.9 | AU45: =$AF45*AU12 -> 0.42 | AV45: =$AF45*AV12 -> 0.24 | AW45: =$AF45*AW12 -> 0.12
AF46: 6 | AR46: =$AF46*AR13 -> 0.84 | AS46: =$AF46*AS13 -> 1.98 | AT46: =$AF46*AT13 -> 1.5 | AU46: =$AF46*AU13 -> 0.9 | AV46: =$AF46*AV13 -> 0.42 | AW46: =$AF46*AW13 -> 0.24 | AX46: =$AF46*AX13 -> 0.12
AF47: 13 | AS47: =$AF47*AS14 -> 1.82 | AT47: =$AF47*AT14 -> 4.29 | AU47: =$AF47*AU14 -> 3.25 | AV47: =$AF47*AV14 -> 1.95 | AW47: =$AF47*AW14 -> 0.91 | AX47: =$AF47*AX14 -> 0.52 | AY47: =$AF47*AY14 -> 0.26
AF48: 14 | AT48: =$AF48*AT15 -> 1.96 | AU48: =$AF48*AU15 -> 4.62 | AV48: =$AF48*AV15 -> 3.5 | AW48: =$AF48*AW15 -> 2.1 | AX48: =$AF48*AX15 -> 0.98 | AY48: =$AF48*AY15 -> 0.56 | AZ48: =$AF48*AZ15 -> 0.28
AF49: 12 | AU49: =$AF49*AU16 -> 1.68 | AV49: =$AF49*AV16 -> 3.96 | AW49: =$AF49*AW16 -> 3 | AX49: =$AF49*AX16 -> 1.8 | AY49: =$AF49*AY16 -> 0.84 | AZ49: =$AF49*AZ16 -> 0.48 | BA49: =$AF49*BA16 -> 0.24
AF50: 1 | AV50: =$AF50*AV17 -> 0.14 | AW50: =$AF50*AW17 -> 0.33 | AX50: =$AF50*AX17 -> 0.25 | AY50: =$AF50*AY17 -> 0.15 | AZ50: =$AF50*AZ17 -> 0.07 | BA50: =$AF50*BA17 -> 0.04 | BB50: =$AF50*BB17 -> 0.02
AF51: 0 | AW51: =$AF51*AW18 -> 0 | AX51: =$AF51*AX18 -> 0 | AY51: =$AF51*AY18 -> 0 | AZ51: =$AF51*AZ18 -> 0 | BA51: =$AF51*BA18 -> 0 | BB51: =$AF51*BB18 -> 0 | BC51: =$AF51*BC18 -> 0
AF52: 2 | AX52: =$AF52*AX19 -> 0.28 | AY52: =$AF52*AY19 -> 0.66 | AZ52: =$AF52*AZ19 -> 0.5 | BA52: =$AF52*BA19 -> 0.3 | BB52: =$AF52*BB19 -> 0.14 | BC52: =$AF52*BC19 -> 0.08 | BD52: =$AF52*BD19 -> 0.04
AF53: 3.75 | AY53: =$AF53*AY20 -> 0.525 | AZ53: =$AF53*AZ20 -> 1.2375 | BA53: =$AF53*BA20 -> 0.9375 | BB53: =$AF53*BB20 -> 0.5625 | BC53: =$AF53*BC20 -> 0.2625 | BD53: =$AF53*BD20 -> 0.15 | BE53: =$AF53*BE20 -> 0.075
AF54: 3.8625 | AZ54: =$AF54*AZ21 -> 0.54075 | BA54: =$AF54*BA21 -> 1.274625 | BB54: =$AF54*BB21 -> 0.965625 | BC54: =$AF54*BC21 -> 0.579375 | BD54: =$AF54*BD21 -> 0.270375 | BE54: =$AF54*BE21 -> 0.1545 | BF54: =$AF54*BF21 -> 0.07725
AF55: 4.132875 | BA55: =$AF55*BA22 -> 0.5786025 | BB55: =$AF55*BB22 -> 1.3638488 | BC55: =$AF55*BC22 -> 1.0332188 | BD55: =$AF55*BD22 -> 0.61993125 | BE55: =$AF55*BE22 -> 0.28930125 | BF55: =$AF55*BF22 -> 0.165315 | BG55: =$AF55*BG22 -> 0.0826575
AF56: 4.4221763 | BB56: =$AF56*BB23 -> 0.61910467 | BC56: =$AF56*BC23 -> 1.4593182 | BD56: =$AF56*BD23 -> 1.1055441 | BE56: =$AF56*BE23 -> 0.66332644 | BF56: =$AF56*BF23 -> 0.30955234 | BG56: =$AF56*BG23 -> 0.17688705 | BH56: =$AF56*BH23 -> 0.088443525
AF57: 4.7317286 | BC57: =$AF57*BC24 -> 0.662442 | BD57: =$AF57*BD24 -> 1.5614704 | BE57: =$AF57*BE24 -> 1.1829321 | BF57: =$AF57*BF24 -> 0.70975929 | BG57: =$AF57*BG24 -> 0.331221 | BH57: =$AF57*BH24 -> 0.18926914 | BI57: =$AF57*BI24 -> 0.094634572
AF58: 5.0629496 | BD58: =$AF58*BD25 -> 0.70881294 | BE58: =$AF58*BE25 -> 1.6707734 | BF58: =$AF58*BF25 -> 1.2657374 | BG58: =$AF58*BG25 -> 0.75944244 | BH58: =$AF58*BH25 -> 0.35440647 | BI58: =$AF58*BI25 -> 0.20251798 | BJ58: =$AF58*BJ25 -> 0.10125899
AF59: 5.4173561 | BE59: =$AF59*BE26 -> 0.75842985 | BF59: =$AF59*BF26 -> 1.7877275 | BG59: =$AF59*BG26 -> 1.354339 | BH59: =$AF59*BH26 -> 0.81260341 | BI59: =$AF59*BI26 -> 0.37921492 | BJ59: =$AF59*BJ26 -> 0.21669424 | BK59: =$AF59*BK26 -> 0.10834712
AF60: 5.796571 | BF60: =$AF60*BF27 -> 0.81151994 | BG60: =$AF60*BG27 -> 1.9128684 | BH60: =$AF60*BH27 -> 1.4491427 | BI60: =$AF60*BI27 -> 0.86948565 | BJ60: =$AF60*BJ27 -> 0.40575997 | BK60: =$AF60*BK27 -> 0.23186284 | BL60: =$AF60*BL27 -> 0.11593142
AF61: 6.202331 | BG61: =$AF61*BG28 -> 0.86832633 | BH61: =$AF61*BH28 -> 2.0467692 | BI61: =$AF61*BI28 -> 1.5505827 | BJ61: =$AF61*BJ28 -> 0.93034964 | BK61: =$AF61*BK28 -> 0.43416317 | BL61: =$AF61*BL28 -> 0.24809324
AF62: 6.6364941 | BH62: =$AF62*BH29 -> 0.92910918 | BI62: =$AF62*BI29 -> 2.1900431 | BJ62: =$AF62*BJ29 -> 1.6591235 | BK62: =$AF62*BK29 -> 0.99547412 | BL62: =$AF62*BL29 -> 0.46455459
AF63: 7.1010487 | BI63: =$AF63*BI30 -> 0.99414682 | BJ63: =$AF63*BJ30 -> 2.3433461 | BK63: =$AF63*BK30 -> 1.7752622 | BL63: =$AF63*BL30 -> 1.0651573
AF64: 7.5981221 | BJ64: =$AF64*BJ31 -> 1.0637371 | BK64: =$AF64*BK31 -> 2.5073803 | BL64: =$AF64*BL31 -> 1.8995305
AF65: 8.1299907 | BK65: =$AF65*BK32 -> 1.1381987 | BL65: =$AF65*BL32 -> 2.6828969
AF66: 8.69909 | BL66: =$AF66*BL33 -> 1.2178726
A67: Total Opps Created | D67: 12 | E67: 7 | F67: 6 | G67: 3 | H67: 3 | I67: 6 | J67: 6 | K67: 13 | L67: 14 | M67: 12 | N67: 1 | O67: 0 | P67: 2 | Q67: =average(M67:P67) -> 3.75 | R67: =Q67*1.03 -> 3.8625 | S67: =R67*1.07 -> 4.132875 | T67: =S67*1.07 -> 4.4221762 | U67: =T67*1.07 -> 4.7317286 | V67: =U67*1.07 -> 5.0629496 | W67: =V67*1.07 -> 5.4173561 | X67: =W67*1.07 -> 5.796571 | Y67: =X67*1.07 -> 6.202331 | Z67: =Y67*1.07 -> 6.6364941 | ... AD67: =AC67*1.07 -> 8.69909
A68: Total Opps Worked | AG68: =sum(AG35:AG66) -> 0 | AH68: =sum(AH35:AH66) -> 0 | AI68: =sum(AI35:AI66) -> 0 | AJ68: =sum(AJ35:AJ66) -> 0 | AK68: =sum(AK35:AK66) -> 0 | AL68: =sum(AL35:AL66) -> 1.68 | AM68: =sum(AM35:AM66) -> 4.94 | AN68: =sum(AN35:AN66) -> 6.15 | ... BL68: =sum(BL35:BL66) -> 7.6940366
AW69: 10 | AX69: 3

Sheet Partner Cascade NORAM
A1: Probability | D1: Q2 22 | E1: Q3 22 | F1: Q4 22 | G1: Q1 23 | H1: Q2 23 | I1: Q3 23 | J1: Q4 23 | K1: Q1 24 | L1: Q2 24 | M1: Q3 24 | N1: Q4 24 | O1: Q1 25 | P1: Q2 25 | Q1: Q3 25 | R1: Q4 25 | S1: {=transpose(A22:A33)} | AF1: Opps | AG1: Q1 21 | AH1: Q2 21 | AI1: Q3 21 | AJ1: Q4 21 | AK1: Q1 22 | AL1: Q2 22 | AM1: Q3 22 | AN1: Q4 22 | AO1: Q1 23 | AP1: Q2 23 | AQ1: Q3 23 | AR1: Q4 23 | AS1: Q1 24 | AT1: Q2 24 | AU1: Q3 24 | AV1: Q4 24 | AW1: Q1 25 | AX1: Q2 25 | AY1: Q3 25 | AZ1: Q4 25 | BA1: {=transpose(A22:A33)}
AG2: 0.14 | AH2: 0.33 | AI2: 0.25 | AJ2: 0.15 | AK2: 0.07 | AL2: 0.04 | AM2: 0.02
AH3: 0.14 | AI3: 0.33 | AJ3: 0.25 | AK3: 0.15 | AL3: 0.07 | AM3: 0.04 | AN3: 0.02
AI4: 0.14 | AJ4: 0.33 | AK4: 0.25 | AL4: 0.15 | AM4: 0.07 | AN4: 0.04 | AO4: 0.02
AJ5: 0.14 | AK5: 0.33 | AL5: 0.25 | AM5: 0.15 | AN5: 0.07 | AO5: 0.04 | AP5: 0.02
AK6: 0.14 | AL6: 0.33 | AM6: 0.25 | AN6: 0.15 | AO6: 0.07 | AP6: 0.04 | AQ6: 0.02
AL7: 0.14 | AM7: 0.33 | AN7: 0.25 | AO7: 0.15 | AP7: 0.07 | AQ7: 0.04 | AR7: 0.02
AM8: 0.14 | AN8: 0.33 | AO8: 0.25 | AP8: 0.15 | AQ8: 0.07 | AR8: 0.04 | AS8: 0.02
AN9: 0.14 | AO9: 0.33 | AP9: 0.25 | AQ9: 0.15 | AR9: 0.07 | AS9: 0.04 | AT9: 0.02
AO10: 0.14 | AP10: 0.33 | AQ10: 0.25 | AR10: 0.15 | AS10: 0.07 | AT10: 0.04 | AU10: 0.02
AP11: 0.14 | AQ11: 0.33 | AR11: 0.25 | AS11: 0.15 | AT11: 0.07 | AU11: 0.04 | AV11: 0.02
AQ12: 0.14 | AR12: 0.33 | AS12: 0.25 | AT12: 0.15 | AU12: 0.07 | AV12: 0.04 | AW12: 0.02
AR13: 0.14 | AS13: 0.33 | AT13: 0.25 | AU13: 0.15 | AV13: 0.07 | AW13: 0.04 | AX13: 0.02
AS14: 0.14 | AT14: 0.33 | AU14: 0.25 | AV14: 0.15 | AW14: 0.07 | AX14: 0.04 | AY14: 0.02
AT15: 0.14 | AU15: 0.33 | AV15: 0.25 | AW15: 0.15 | AX15: 0.07 | AY15: 0.04 | AZ15: 0.02
AU16: 0.14 | AV16: 0.33 | AW16: 0.25 | AX16: 0.15 | AY16: 0.07 | AZ16: 0.04 | BA16: 0.02
AV17: 0.14 | AW17: 0.33 | AX17: 0.25 | AY17: 0.15 | AZ17: 0.07 | BA17: 0.04 | BB17: 0.02
AW18: 0.14 | AX18: 0.33 | AY18: 0.25 | AZ18: 0.15 | BA18: 0.07 | BB18: 0.04 | BC18: 0.02
AX19: 0.14 | AY19: 0.33 | AZ19: 0.25 | BA19: 0.15 | BB19: 0.07 | BC19: 0.04 | BD19: 0.02
AY20: 0.14 | AZ20: 0.33 | BA20: 0.25 | BB20: 0.15 | BC20: 0.07 | BD20: 0.04 | BE20: 0.02
AZ21: 0.14 | BA21: 0.33 | BB21: 0.25 | BC21: 0.15 | BD21: 0.07 | BE21: 0.04 | BF21: 0.02
BA22: 0.14 | BB22: 0.33 | BC22: 0.25 | BD22: 0.15 | BE22: 0.07 | BF22: 0.04 | BG22: 0.02
BB23: 0.14 | BC23: 0.33 | BD23: 0.25 | BE23: 0.15 | BF23: 0.07 | BG23: 0.04 | BH23: 0.02
BC24: 0.14 | BD24: 0.33 | BE24: 0.25 | BF24: 0.15 | BG24: 0.07 | BH24: 0.04 | BI24: 0.02
BD25: 0.14 | BE25: 0.33 | BF25: 0.25 | BG25: 0.15 | BH25: 0.07 | BI25: 0.04 | BJ25: 0.02
BE26: 0.14 | BF26: 0.33 | BG26: 0.25 | BH26: 0.15 | BI26: 0.07 | BJ26: 0.04 | BK26: 0.02
BF27: 0.14 | BG27: 0.33 | BH27: 0.25 | BI27: 0.15 | BJ27: 0.07 | BK27: 0.04 | BL27: 0.02
BG28: 0.14 | BH28: 0.33 | BI28: 0.25 | BJ28: 0.15 | BK28: 0.07 | BL28: 0.04
BH29: 0.14 | BI29: 0.33 | BJ29: 0.25 | BK29: 0.15 | BL29: 0.07
BI30: 0.14 | BJ30: 0.33 | BK30: 0.25 | BL30: 0.15
BJ31: 0.14 | BK31: 0.33 | BL31: 0.25
BK32: 0.14 | BL32: 0.33
BL33: 0.14
AF34: Opps | AG34: Q1 21 | AH34: Q2 21 | AI34: Q3 21 | AJ34: Q4 21 | AK34: Q1 22 | AL34: Q2 22 | AM34: Q3 22 | AN34: Q4 22 | AO34: Q1 23 | AP34: Q2 23 | AQ34: Q3 23 | AR34: Q4 23 | AS34: Q1 24 | AT34: Q2 24 | AU34: Q3 24 | AV34: Q4 24
AF35: 0 | AG35: =$AF35*AG2 -> 0 | AH35: =$AF35*AH2 -> 0 | AI35: =$AF35*AI2 -> 0 | AJ35: =$AF35*AJ2 -> 0 | AK35: =$AF35*AK2 -> 0 | AL35: =$AF35*AL2 -> 0 | AM35: =$AF35*AM2 -> 0
AF36: 0 | AH36: =$AF36*AH3 -> 0 | AI36: =$AF36*AI3 -> 0 | AJ36: =$AF36*AJ3 -> 0 | AK36: =$AF36*AK3 -> 0 | AL36: =$AF36*AL3 -> 0 | AM36: =$AF36*AM3 -> 0 | AN36: =$AF36*AN3 -> 0
AF37: 0 | AI37: =$AF37*AI4 -> 0 | AJ37: =$AF37*AJ4 -> 0 | AK37: =$AF37*AK4 -> 0 | AL37: =$AF37*AL4 -> 0 | AM37: =$AF37*AM4 -> 0 | AN37: =$AF37*AN4 -> 0 | AO37: =$AF37*AO4 -> 0
AF38: 0 | AJ38: =$AF38*AJ5 -> 0 | AK38: =$AF38*AK5 -> 0 | AL38: =$AF38*AL5 -> 0 | AM38: =$AF38*AM5 -> 0 | AN38: =$AF38*AN5 -> 0 | AO38: =$AF38*AO5 -> 0 | AP38: =$AF38*AP5 -> 0
AF39: 0 | AK39: =$AF39*AK6 -> 0 | AL39: =$AF39*AL6 -> 0 | AM39: =$AF39*AM6 -> 0 | AN39: =$AF39*AN6 -> 0 | AO39: =$AF39*AO6 -> 0 | AP39: =$AF39*AP6 -> 0 | AQ39: =$AF39*AQ6 -> 0
AF40: {=transpose(D67:AD67)} -> 3 | AL40: =$AF40*AL7 -> 0.42 | AM40: =$AF40*AM7 -> 0.99 | AN40: =$AF40*AN7 -> 0.75 | AO40: =$AF40*AO7 -> 0.45 | AP40: =$AF40*AP7 -> 0.21 | AQ40: =$AF40*AQ7 -> 0.12 | AR40: =$AF40*AR7 -> 0.06
AF41: 3 | AM41: =$AF41*AM8 -> 0.42 | AN41: =$AF41*AN8 -> 0.99 | AO41: =$AF41*AO8 -> 0.75 | AP41: =$AF41*AP8 -> 0.45 | AQ41: =$AF41*AQ8 -> 0.21 | AR41: =$AF41*AR8 -> 0.12 | AS41: =$AF41*AS8 -> 0.06
AF42: 2 | AN42: =$AF42*AN9 -> 0.28 | AO42: =$AF42*AO9 -> 0.66 | AP42: =$AF42*AP9 -> 0.5 | AQ42: =$AF42*AQ9 -> 0.3 | AR42: =$AF42*AR9 -> 0.14 | AS42: =$AF42*AS9 -> 0.08 | AT42: =$AF42*AT9 -> 0.04
AF43: 0 | AO43: =$AF43*AO10 -> 0 | AP43: =$AF43*AP10 -> 0 | AQ43: =$AF43*AQ10 -> 0 | AR43: =$AF43*AR10 -> 0 | AS43: =$AF43*AS10 -> 0 | AT43: =$AF43*AT10 -> 0 | AU43: =$AF43*AU10 -> 0
AF44: 3 | AP44: =$AF44*AP11 -> 0.42 | AQ44: =$AF44*AQ11 -> 0.99 | AR44: =$AF44*AR11 -> 0.75 | AS44: =$AF44*AS11 -> 0.45 | AT44: =$AF44*AT11 -> 0.21 | AU44: =$AF44*AU11 -> 0.12 | AV44: =$AF44*AV11 -> 0.06
AF45: 2 | AQ45: =$AF45*AQ12 -> 0.28 | AR45: =$AF45*AR12 -> 0.66 | AS45: =$AF45*AS12 -> 0.5 | AT45: =$AF45*AT12 -> 0.3 | AU45: =$AF45*AU12 -> 0.14 | AV45: =$AF45*AV12 -> 0.08 | AW45: =$AF45*AW12 -> 0.04
AF46: 4 | AR46: =$AF46*AR13 -> 0.56 | AS46: =$AF46*AS13 -> 1.32 | AT46: =$AF46*AT13 -> 1 | AU46: =$AF46*AU13 -> 0.6 | AV46: =$AF46*AV13 -> 0.28 | AW46: =$AF46*AW13 -> 0.16 | AX46: =$AF46*AX13 -> 0.08
AF47: 0 | AS47: =$AF47*AS14 -> 0 | AT47: =$AF47*AT14 -> 0 | AU47: =$AF47*AU14 -> 0 | AV47: =$AF47*AV14 -> 0 | AW47: =$AF47*AW14 -> 0 | AX47: =$AF47*AX14 -> 0 | AY47: =$AF47*AY14 -> 0
AF48: 1 | AT48: =$AF48*AT15 -> 0.14 | AU48: =$AF48*AU15 -> 0.33 | AV48: =$AF48*AV15 -> 0.25 | AW48: =$AF48*AW15 -> 0.15 | AX48: =$AF48*AX15 -> 0.07 | AY48: =$AF48*AY15 -> 0.04 | AZ48: =$AF48*AZ15 -> 0.02
AF49: 0 | AU49: =$AF49*AU16 -> 0 | AV49: =$AF49*AV16 -> 0 | AW49: =$AF49*AW16 -> 0 | AX49: =$AF49*AX16 -> 0 | AY49: =$AF49*AY16 -> 0 | AZ49: =$AF49*AZ16 -> 0 | BA49: =$AF49*BA16 -> 0
AF50: 0 | AV50: =$AF50*AV17 -> 0 | AW50: =$AF50*AW17 -> 0 | AX50: =$AF50*AX17 -> 0 | AY50: =$AF50*AY17 -> 0 | AZ50: =$AF50*AZ17 -> 0 | BA50: =$AF50*BA17 -> 0 | BB50: =$AF50*BB17 -> 0
AF51: 1 | AW51: =$AF51*AW18 -> 0.14 | AX51: =$AF51*AX18 -> 0.33 | AY51: =$AF51*AY18 -> 0.25 | AZ51: =$AF51*AZ18 -> 0.15 | BA51: =$AF51*BA18 -> 0.07 | BB51: =$AF51*BB18 -> 0.04 | BC51: =$AF51*BC18 -> 0.02
AF52: 1 | AX52: =$AF52*AX19 -> 0.14 | AY52: =$AF52*AY19 -> 0.33 | AZ52: =$AF52*AZ19 -> 0.25 | BA52: =$AF52*BA19 -> 0.15 | BB52: =$AF52*BB19 -> 0.07 | BC52: =$AF52*BC19 -> 0.04 | BD52: =$AF52*BD19 -> 0.02
AF53: 1.07 | AY53: =$AF53*AY20 -> 0.1498 | AZ53: =$AF53*AZ20 -> 0.3531 | BA53: =$AF53*BA20 -> 0.2675 | BB53: =$AF53*BB20 -> 0.1605 | BC53: =$AF53*BC20 -> 0.0749 | BD53: =$AF53*BD20 -> 0.0428 | BE53: =$AF53*BE20 -> 0.0214
AF54: 3 | AZ54: =$AF54*AZ21 -> 0.42 | BA54: =$AF54*BA21 -> 0.99 | BB54: =$AF54*BB21 -> 0.75 | BC54: =$AF54*BC21 -> 0.45 | BD54: =$AF54*BD21 -> 0.21 | BE54: =$AF54*BE21 -> 0.12 | BF54: =$AF54*BF21 -> 0.06
AF55: 3.21 | BA55: =$AF55*BA22 -> 0.4494 | BB55: =$AF55*BB22 -> 1.0593 | BC55: =$AF55*BC22 -> 0.8025 | BD55: =$AF55*BD22 -> 0.4815 | BE55: =$AF55*BE22 -> 0.2247 | BF55: =$AF55*BF22 -> 0.1284 | BG55: =$AF55*BG22 -> 0.0642
AF56: 3.4347 | BB56: =$AF56*BB23 -> 0.480858 | BC56: =$AF56*BC23 -> 1.133451 | BD56: =$AF56*BD23 -> 0.858675 | BE56: =$AF56*BE23 -> 0.515205 | BF56: =$AF56*BF23 -> 0.240429 | BG56: =$AF56*BG23 -> 0.137388 | BH56: =$AF56*BH23 -> 0.068694
AF57: 3.675129 | BC57: =$AF57*BC24 -> 0.51451806 | BD57: =$AF57*BD24 -> 1.2127926 | BE57: =$AF57*BE24 -> 0.91878225 | BF57: =$AF57*BF24 -> 0.55126935 | BG57: =$AF57*BG24 -> 0.25725903 | BH57: =$AF57*BH24 -> 0.14700516 | BI57: =$AF57*BI24 -> 0.07350258
AF58: 3.932388 | BD58: =$AF58*BD25 -> 0.55053432 | BE58: =$AF58*BE25 -> 1.2976881 | BF58: =$AF58*BF25 -> 0.98309701 | BG58: =$AF58*BG25 -> 0.5898582 | BH58: =$AF58*BH25 -> 0.27526716 | BI58: =$AF58*BI25 -> 0.15729552 | BJ58: =$AF58*BJ25 -> 0.078647761
AF59: 4.2076552 | BE59: =$AF59*BE26 -> 0.58907173 | BF59: =$AF59*BF26 -> 1.3885262 | BG59: =$AF59*BG26 -> 1.0519138 | BH59: =$AF59*BH26 -> 0.63114828 | BI59: =$AF59*BI26 -> 0.29453586 | BJ59: =$AF59*BJ26 -> 0.16830621 | BK59: =$AF59*BK26 -> 0.084153104
AF60: 4.5021911 | BF60: =$AF60*BF27 -> 0.63030675 | BG60: =$AF60*BG27 -> 1.485723 | BH60: =$AF60*BH27 -> 1.1255478 | BI60: =$AF60*BI27 -> 0.67532866 | BJ60: =$AF60*BJ27 -> 0.31515337 | BK60: =$AF60*BK27 -> 0.18008764 | BL60: =$AF60*BL27 -> 0.090043821
AF61: 4.8173444 | BG61: =$AF61*BG28 -> 0.67442822 | BH61: =$AF61*BH28 -> 1.5897237 | BI61: =$AF61*BI28 -> 1.2043361 | BJ61: =$AF61*BJ28 -> 0.72260166 | BK61: =$AF61*BK28 -> 0.33721411 | BL61: =$AF61*BL28 -> 0.19269378
AF62: 5.1545585 | BH62: =$AF62*BH29 -> 0.7216382 | BI62: =$AF62*BI29 -> 1.7010043 | BJ62: =$AF62*BJ29 -> 1.2886396 | BK62: =$AF62*BK29 -> 0.77318378 | BL62: =$AF62*BL29 -> 0.3608191
AF63: 5.5153776 | BI63: =$AF63*BI30 -> 0.77215287 | BJ63: =$AF63*BJ30 -> 1.8200746 | BK63: =$AF63*BK30 -> 1.3788444 | BL63: =$AF63*BL30 -> 0.82730665
AF64: 5.9014541 | BJ64: =$AF64*BJ31 -> 0.82620357 | BK64: =$AF64*BK31 -> 1.9474798 | BL64: =$AF64*BL31 -> 1.4753635
AF65: 6.3145559 | BK65: =$AF65*BK32 -> 0.88403782 | BL65: =$AF65*BL32 -> 2.0838034
AF66: 6.7565748 | BL66: =$AF66*BL33 -> 0.94592047
A67: Total Opps Created | D67: 3 | E67: 3 | F67: 2 | G67: 0 | H67: 3 | I67: 2 | J67: 4 | K67: 0 | L67: 1 | M67: 0 | N67: 0 | O67: 1 | P67: 1 | Q67: =P67*1.07 -> 1.07 | R67: 3 | S67: =R67*1.07 -> 3.21 | T67: =S67*1.07 -> 3.4347 | U67: =T67*1.07 -> 3.675129 | V67: =U67*1.07 -> 3.932388 | W67: =V67*1.07 -> 4.2076552 | X67: =W67*1.07 -> 4.5021911 | Y67: =X67*1.07 -> 4.8173444 | Z67: =Y67*1.07 -> 5.1545585 | ... AD67: =AC67*1.07 -> 6.7565748
A68: Total Opps Worked | AG68: =sum(AG35:AG66) -> 0 | AH68: =sum(AH35:AH66) -> 0 | AI68: =sum(AI35:AI66) -> 0 | AJ68: =sum(AJ35:AJ66) -> 0 | AK68: =sum(AK35:AK66) -> 0 | AL68: =sum(AL35:AL66) -> 0.42 | AM68: =sum(AM35:AM66) -> 1.41 | AN68: =sum(AN35:AN66) -> 2.02 | ... BL68: =sum(BL35:BL66) -> 5.9759508
AW69: 0 | AX69: 1

Sheet Outbound Cascade EMESA NORTH
A1: Probability | D1: Q2 22 | E1: Q3 22 | F1: Q4 22 | G1: Q1 23 | H1: Q2 23 | I1: Q3 23 | J1: Q4 23 | K1: Q1 24 | L1: Q2 24 | M1: Q3 24 | N1: Q4 24 | O1: Q1 25 | P1: Q2 25 | Q1: Q3 25 | R1: Q4 25 | S1: {=transpose(A22:A33)} -> Q1 26 | T1: Q2 26 | U1: Q3 26 | V1: Q4 26 | W1: Q1 27 | X1: Q2 27 | Y1: Q3 27 | Z1: Q4 27 | AA1: Q1 28 | AB1: Q2 28 | AC1: Q3 28 | AD1: Q4 28 | AF1: Opps | AG1: Q1 21 | AH1: Q2 21 | AI1: Q3 21 | AJ1: Q4 21 | AK1: Q1 22 | AL1: Q2 22 | AM1: Q3 22 | AN1: Q4 22 | AO1: Q1 23 | AP1: Q2 23 | AQ1: Q3 23 | AR1: Q4 23 | AS1: Q1 24 | AT1: Q2 24 | AU1: Q3 24 | AV1: Q4 24 | AW1: Q1 25 | AX1: Q2 25 | AY1: Q3 25 | AZ1: Q4 25 | BA1: {=transpose(A22:A33)} -> Q1 26 | BB1: Q2 26 | BC1: Q3 26 | BD1: Q4 26 | BE1: Q1 27 | BF1: Q2 27 | BG1: Q3 27 | BH1: Q4 27 | BI1: Q1 28 | BJ1: Q2 28 | BK1: Q3 28 | BL1: Q4 28
A2: Q1 21 | AG2: 0.14 | AH2: 0.33 | AI2: 0.25 | AJ2: 0.15 | AK2: 0.07 | AL2: 0.04 | AM2: 0.02
A3: Q2 21 | AH3: 0.14 | AI3: 0.33 | AJ3: 0.25 | AK3: 0.15 | AL3: 0.07 | AM3: 0.04 | AN3: 0.02
A4: Q3 21 | AI4: 0.14 | AJ4: 0.33 | AK4: 0.25 | AL4: 0.15 | AM4: 0.07 | AN4: 0.04 | AO4: 0.02
A5: Q4 21 | AJ5: 0.14 | AK5: 0.33 | AL5: 0.25 | AM5: 0.15 | AN5: 0.07 | AO5: 0.04 | AP5: 0.02
A6: Q1 22 | D6: 0.1 | AK6: 0.14 | AL6: 0.33 | AM6: 0.25 | AN6: 0.15 | AO6: 0.07 | AP6: 0.04 | AQ6: 0.02
A7: Q2 22 | D7: =227/255 -> 0.89019608 | E7: 0.1 | F7: 0.01 | AL7: 0.14 | AM7: 0.33 | AN7: 0.25 | AO7: 0.15 | AP7: 0.07 | AQ7: 0.04 | AR7: 0.02
A8: Q3 22 | E8: =227/255 -> 0.89019608 | F8: 0.1 | G8: 0.01 | AM8: 0.14 | AN8: 0.33 | AO8: 0.25 | AP8: 0.15 | AQ8: 0.07 | AR8: 0.04 | AS8: 0.02
A9: Q4 22 | F9: =227/255 -> 0.89019608 | G9: 0.1 | H9: 0.01 | AN9: 0.14 | AO9: 0.33 | AP9: 0.25 | AQ9: 0.15 | AR9: 0.07 | AS9: 0.04 | AT9: 0.02
A10: Q1 23 | G10: =227/255 -> 0.89019608 | H10: 0.1 | I10: 0.01 | AO10: 0.14 | AP10: 0.33 | AQ10: 0.25 | AR10: 0.15 | AS10: 0.07 | AT10: 0.04 | AU10: 0.02
A11: Q2 23 | H11: =227/255 -> 0.89019608 | I11: 0.1 | J11: 0.01 | AP11: 0.14 | AQ11: 0.33 | AR11: 0.25 | AS11: 0.15 | AT11: 0.07 | AU11: 0.04 | AV11: 0.02
A12: Q3 23 | I12: =227/255 -> 0.89019608 | J12: 0.1 | K12: 0.01 | AQ12: 0.14 | AR12: 0.33 | AS12: 0.25 | AT12: 0.15 | AU12: 0.07 | AV12: 0.04 | AW12: 0.02
A13: Q4 23 | J13: =227/255 -> 0.89019608 | K13: 0.1 | L13: 0.01 | AR13: 0.14 | AS13: 0.33 | AT13: 0.25 | AU13: 0.15 | AV13: 0.07 | AW13: 0.04 | AX13: 0.02
A14: Q1 24 | K14: =227/255 -> 0.89019608 | L14: 0.1 | M14: 0.01 | AS14: 0.14 | AT14: 0.33 | AU14: 0.25 | AV14: 0.15 | AW14: 0.07 | AX14: 0.04 | AY14: 0.02
A15: Q2 24 | L15: =227/255 -> 0.89019608 | M15: 0.1 | N15: 0.01 | AT15: 0.14 | AU15: 0.33 | AV15: 0.25 | AW15: 0.15 | AX15: 0.07 | AY15: 0.04 | AZ15: 0.02
A16: Q3 24 | M16: =227/255 -> 0.89019608 | N16: 0.1 | O16: 0.01 | AU16: 0.14 | AV16: 0.33 | AW16: 0.25 | AX16: 0.15 | AY16: 0.07 | AZ16: 0.04 | BA16: 0.02
A17: Q4 24 | N17: 0.89 | O17: 0.1 | P17: 0.01 | AV17: 0.14 | AW17: 0.33 | AX17: 0.25 | AY17: 0.15 | AZ17: 0.07 | BA17: 0.04 | BB17: 0.02
A18: Q1 25 | O18: 0.89 | P18: 0.1 | Q18: 0.01 | AW18: 0.14 | AX18: 0.33 | AY18: 0.25 | AZ18: 0.15 | BA18: 0.07 | BB18: 0.04 | BC18: 0.02
A19: Q2 25 | P19: 0.89 | Q19: 0.1 | R19: 0.01 | AX19: 0.14 | AY19: 0.33 | AZ19: 0.25 | BA19: 0.15 | BB19: 0.07 | BC19: 0.04 | BD19: 0.02
A20: Q3 25 | Q20: 0.89 | R20: 0.1 | S20: 0.01 | AY20: 0.14 | AZ20: 0.33 | BA20: 0.25 | BB20: 0.15 | BC20: 0.07 | BD20: 0.04 | BE20: 0.02
A21: Q4 25 | R21: 0.89 | S21: 0.1 | T21: 0.01 | AZ21: 0.14 | BA21: 0.33 | BB21: 0.25 | BC21: 0.15 | BD21: 0.07 | BE21: 0.04 | BF21: 0.02
A22: Q1 26 | S22: =227/255 -> 0.89019608 | T22: 0.1 | U22: 0.01 | BA22: 0.14 | BB22: 0.33 | BC22: 0.25 | BD22: 0.15 | BE22: 0.07 | BF22: 0.04 | BG22: 0.02
A23: Q2 26 | T23: =227/255 -> 0.89019608 | U23: 0.1 | V23: 0.01 | BB23: 0.14 | BC23: 0.33 | BD23: 0.25 | BE23: 0.15 | BF23: 0.07 | BG23: 0.04 | BH23: 0.02
A24: Q3 26 | U24: =227/255 -> 0.89019608 | V24: 0.1 | W24: 0.01 | BC24: 0.14 | BD24: 0.33 | BE24: 0.25 | BF24: 0.15 | BG24: 0.07 | BH24: 0.04 | BI24: 0.02
A25: Q4 26 | V25: =227/255 -> 0.89019608 | W25: 0.1 | X25: 0.01 | BD25: 0.14 | BE25: 0.33 | BF25: 0.25 | BG25: 0.15 | BH25: 0.07 | BI25: 0.04 | BJ25: 0.02
A26: Q1 27 | W26: =227/255 -> 0.89019608 | X26: 0.1 | Y26: 0.01 | BE26: 0.14 | BF26: 0.33 | BG26: 0.25 | BH26: 0.15 | BI26: 0.07 | BJ26: 0.04 | BK26: 0.02
A27: Q2 27 | X27: =227/255 -> 0.89019608 | Y27: 0.1 | Z27: 0.01 | BF27: 0.14 | BG27: 0.33 | BH27: 0.25 | BI27: 0.15 | BJ27: 0.07 | BK27: 0.04 | BL27: 0.02
A28: Q3 27 | Y28: =227/255 -> 0.89019608 | Z28: 0.1 | AA28: 0.01 | BG28: 0.14 | BH28: 0.33 | BI28: 0.25 | BJ28: 0.15 | BK28: 0.07 | BL28: 0.04
A29: Q4 27 | Z29: 0.89 | AA29: 0.1 | AB29: 0.01 | BH29: 0.14 | BI29: 0.33 | BJ29: 0.25 | BK29: 0.15 | BL29: 0.07
A30: Q1 28 | AA30: 0.89 | AB30: 0.1 | AC30: 0.01 | BI30: 0.14 | BJ30: 0.33 | BK30: 0.25 | BL30: 0.15
A31: Q2 28 | AB31: 0.89 | AC31: 0.1 | AD31: 0.01 | BJ31: 0.14 | BK31: 0.33 | BL31: 0.25
A32: Q3 28 | AC32: 0.89 | AD32: 0.1 | BK32: 0.14 | BL32: 0.33
A33: Q4 28 | AD33: 0.89 | BL33: 0.14
B34: SQLs | C34: Conv | D34: Q2 22 | E34: Q3 22 | F34: Q4 22 | G34: Q1 23 | H34: Q2 23 | I34: Q3 23 | J34: Q4 23 | K34: Q1 24 | L34: Q2 24 | M34: Q3 24 | N34: Q4 24 | O34: Q1 25 | P34: Q2 25 | Q34: Q3 25 | R34: Q4 25 | AF34: Opps | AG34: Q1 21 | AH34: Q2 21 | AI34: Q3 21 | AJ34: Q4 21 | AK34: Q1 22 | AL34: Q2 22 | AM34: Q3 22 | AN34: Q4 22 | AO34: Q1 23 | AP34: Q2 23 | AQ34: Q3 23 | AR34: Q4 23 | AS34: Q1 24 | AT34: Q2 24 | AU34: Q3 24 | AV34: Q4 24
A35: Q1 21 | AF35: 0 | AG35: =$AF35*AG2 -> 0 | AH35: =$AF35*AH2 -> 0 | AI35: =$AF35*AI2 -> 0 | AJ35: =$AF35*AJ2 -> 0 | AK35: =$AF35*AK2 -> 0 | AL35: =$AF35*AL2 -> 0 | AM35: =$AF35*AM2 -> 0
A36: Q2 21 | AF36: 0 | AH36: =$AF36*AH3 -> 0 | AI36: =$AF36*AI3 -> 0 | AJ36: =$AF36*AJ3 -> 0 | AK36: =$AF36*AK3 -> 0 | AL36: =$AF36*AL3 -> 0 | AM36: =$AF36*AM3 -> 0 | AN36: =$AF36*AN3 -> 0
A37: Q3 21 | AF37: 0 | AI37: =$AF37*AI4 -> 0 | AJ37: =$AF37*AJ4 -> 0 | AK37: =$AF37*AK4 -> 0 | AL37: =$AF37*AL4 -> 0 | AM37: =$AF37*AM4 -> 0 | AN37: =$AF37*AN4 -> 0 | AO37: =$AF37*AO4 -> 0
A38: Q4 21 | AF38: 0 | AJ38: =$AF38*AJ5 -> 0 | AK38: =$AF38*AK5 -> 0 | AL38: =$AF38*AL5 -> 0 | AM38: =$AF38*AM5 -> 0 | AN38: =$AF38*AN5 -> 0 | AO38: =$AF38*AO5 -> 0 | AP38: =$AF38*AP5 -> 0
A39: Q1 22 | D39: =$B39*D6 -> 0 | AF39: 0 | AK39: =$AF39*AK6 -> 0 | AL39: =$AF39*AL6 -> 0 | AM39: =$AF39*AM6 -> 0 | AN39: =$AF39*AN6 -> 0 | AO39: =$AF39*AO6 -> 0 | AP39: =$AF39*AP6 -> 0 | AQ39: =$AF39*AQ6 -> 0
A40: Q2 22 | D40: =$B40*D7*$C40 -> 0 | E40: =$B40*E7*$C40 -> 0 | F40: =$B40*F7*$C40 -> 0 | AF40: {=transpose(D67:AD67)} -> 0 | AL40: =$AF40*AL7 -> 0 | AM40: =$AF40*AM7 -> 0 | AN40: =$AF40*AN7 -> 0 | AO40: =$AF40*AO7 -> 0 | AP40: =$AF40*AP7 -> 0 | AQ40: =$AF40*AQ7 -> 0 | AR40: =$AF40*AR7 -> 0
A41: Q3 22 | E41: =$B41*E8*$C41 -> 0 | F41: =$B41*F8*$C41 -> 0 | G41: =$B41*G8*$C41 -> 0 | AF41: 0 | AM41: =$AF41*AM8 -> 0 | AN41: =$AF41*AN8 -> 0 | AO41: =$AF41*AO8 -> 0 | AP41: =$AF41*AP8 -> 0 | AQ41: =$AF41*AQ8 -> 0 | AR41: =$AF41*AR8 -> 0 | AS41: =$AF41*AS8 -> 0
A42: Q4 22 | F42: =$B42*F9*$C42 -> 0 | G42: =$B42*G9*$C42 -> 0 | H42: =$B42*H9*$C42 -> 0 | AF42: 0 | AN42: =$AF42*AN9 -> 0 | AO42: =$AF42*AO9 -> 0 | AP42: =$AF42*AP9 -> 0 | AQ42: =$AF42*AQ9 -> 0 | AR42: =$AF42*AR9 -> 0 | AS42: =$AF42*AS9 -> 0 | AT42: =$AF42*AT9 -> 0
A43: Q1 23 | B43: 5 | C43: 0.15 | G43: =$B43*G10*$C43 -> 0.66764706 | H43: =$B43*H10*$C43 -> 0.075 | I43: =$B43*I10*$C43 -> 0.0075 | AF43: 0.66764706 | AO43: =$AF43*AO10 -> 0.093470588 | AP43: =$AF43*AP10 -> 0.22032353 | AQ43: =$AF43*AQ10 -> 0.16691176 | AR43: =$AF43*AR10 -> 0.10014706 | AS43: =$AF43*AS10 -> 0.046735294 | AT43: =$AF43*AT10 -> 0.026705882 | AU43: =$AF43*AU10 -> 0.013352941
A44: Q2 23 | B44: 5 | C44: 0.15 | H44: =$B44*H11*$C44 -> 0.66764706 | I44: =$B44*I11*$C44 -> 0.075 | J44: =$B44*J11*$C44 -> 0.0075 | AF44: 0.74264706 | AP44: =$AF44*AP11 -> 0.10397059 | AQ44: =$AF44*AQ11 -> 0.24507353 | AR44: =$AF44*AR11 -> 0.18566176 | AS44: =$AF44*AS11 -> 0.11139706 | AT44: =$AF44*AT11 -> 0.051985294 | AU44: =$AF44*AU11 -> 0.029705882 | AV44: =$AF44*AV11 -> 0.014852941
A45: Q3 23 | B45: 5 | C45: 0.15 | I45: =$B45*I12*$C45 -> 0.66764706 | J45: =$B45*J12*$C45 -> 0.075 | K45: =$B45*K12*$C45 -> 0.0075 | AF45: 0.75014706 | AQ45: =$AF45*AQ12 -> 0.10502059 | AR45: =$AF45*AR12 -> 0.24754853 | AS45: =$AF45*AS12 -> 0.18753676 | AT45: =$AF45*AT12 -> 0.11252206 | AU45: =$AF45*AU12 -> 0.052510294 | AV45: =$AF45*AV12 -> 0.030005882 | AW45: =$AF45*AW12 -> 0.015002941
A46: Q4 23 | B46: 5 | C46: 0.15 | J46: =$B46*J13*$C46 -> 0.66764706 | K46: =$B46*K13*$C46 -> 0.075 | L46: =$B46*L13*$C46 -> 0.0075 | AF46: 0.75014706 | AR46: =$AF46*AR13 -> 0.10502059 | AS46: =$AF46*AS13 -> 0.24754853 | AT46: =$AF46*AT13 -> 0.18753676 | AU46: =$AF46*AU13 -> 0.11252206 | AV46: =$AF46*AV13 -> 0.052510294 | AW46: =$AF46*AW13 -> 0.030005882 | AX46: =$AF46*AX13 -> 0.015002941
A47: Q1 24 | B47: 5 | C47: 0.15 | K47: =$B47*K14*$C47 -> 0.66764706 | L47: =$B47*L14*$C47 -> 0.075 | M47: =$B47*M14*$C47 -> 0.0075 | AF47: 0.75014706 | AS47: =$AF47*AS14 -> 0.10502059 | AT47: =$AF47*AT14 -> 0.24754853 | AU47: =$AF47*AU14 -> 0.18753676 | AV47: =$AF47*AV14 -> 0.11252206 | AW47: =$AF47*AW14 -> 0.052510294 | AX47: =$AF47*AX14 -> 0.030005882 | AY47: =$AF47*AY14 -> 0.015002941
A48: Q2 24 | B48: 5 | C48: 0.15 | L48: =$B48*L15*$C48 -> 0.66764706 | M48: =$B48*M15*$C48 -> 0.075 | N48: =$B48*N15*$C48 -> 0.0075 | AF48: 0.75014706 | AT48: =$AF48*AT15 -> 0.10502059 | AU48: =$AF48*AU15 -> 0.24754853 | AV48: =$AF48*AV15 -> 0.18753676 | AW48: =$AF48*AW15 -> 0.11252206 | AX48: =$AF48*AX15 -> 0.052510294 | AY48: =$AF48*AY15 -> 0.030005882 | AZ48: =$AF48*AZ15 -> 0.015002941
A49: Q3 24 | B49: 5 | C49: 0.15 | M49: =$B49*M16*$C49 -> 0.66764706 | N49: =$B49*N16*$C49 -> 0.075 | O49: =$B49*O16*$C49 -> 0.0075 | AF49: 0.75014706 | AU49: =$AF49*AU16 -> 0.10502059 | AV49: =$AF49*AV16 -> 0.24754853 | AW49: =$AF49*AW16 -> 0.18753676 | AX49: =$AF49*AX16 -> 0.11252206 | AY49: =$AF49*AY16 -> 0.052510294 | AZ49: =$AF49*AZ16 -> 0.030005882 | BA49: =$AF49*BA16 -> 0.015002941
A50: Q4 24 | B50: 7 | C50: 0.15 | N50: =$B50*N17*$C50 -> 0.9345 | O50: =$B50*O17*$C50 -> 0.105 | P50: =$B50*P17*$C50 -> 0.0105 | AF50: 1.017 | AV50: =$AF50*AV17 -> 0.14238 | AW50: =$AF50*AW17 -> 0.33561 | AX50: =$AF50*AX17 -> 0.25425 | AY50: =$AF50*AY17 -> 0.15255 | AZ50: =$AF50*AZ17 -> 0.07119 | BA50: =$AF50*BA17 -> 0.04068 | BB50: =$AF50*BB17 -> 0.02034
A51: Q1 25 | B51: 12 | C51: 0.15 | O51: =$B51*O18*$C51 -> 1.602 | P51: =$B51*P18*$C51 -> 0.18 | Q51: =$B51*Q18*$C51 -> 0.018 | AF51: 1.7145 | AW51: =$AF51*AW18 -> 0.24003 | AX51: =$AF51*AX18 -> 0.565785 | AY51: =$AF51*AY18 -> 0.428625 | AZ51: =$AF51*AZ18 -> 0.257175 | BA51: =$AF51*BA18 -> 0.120015 | BB51: =$AF51*BB18 -> 0.06858 | BC51: =$AF51*BC18 -> 0.03429
